Synset,Labels,res_nrdirhypos,res_nrdirhypers,res_nrhypos,res_depthfromtopsynset,res_glosslength,res_nroflemmas,res_freq,res_polyscore_max,res_polyscore_sum,res_wordlength,res_minwordlength,res_nrpartrels,res_nrmiscrels,res_ngrams_all_mean,res_ngrams_last_mean,res_ngrams_all_max,res_ngrams_last_max
b'edible_fruit.n.01',h,75,2,196,6,74,1,0,1,1.0,12.0,12,1,0,7.99644515359077e-06,6.843048083737814e-08,7.99644515359077e-06,6.843048083737814e-08
b'ackee.n.01',b,0,1,0,7,95,2,0,2,1.5,4.5,4,1,0,1.0485363715340146e-06,3.2311950670660394e-08,1.050874046226724e-06,5.146536441458238e-08
b'anchovy_pear.n.02',b,0,1,0,7,53,2,0,2,1.5,11.0,10,1,0,2.6809249622367082e-08,2.2998774412696927e-10,5.3618499244734164e-08,4.5997548825393853e-10
b'apple.n.01',b,3,2,26,7,76,1,1,2,2.0,5.0,5,1,0,0.0018859583383346,2.069602851406671e-05,0.0018859583383346,2.069602851406671e-05
b'cooking_apple.n.01',l,4,1,4,8,62,1,0,1,1.0,13.0,13,0,0,1.0116081146094302e-06,1.1426231960598445e-08,1.0116081146094302e-06,1.1426231960598445e-08
b'bramley's_seedling.n.01',l,0,1,0,9,24,1,0,1,1.0,18.0,18,0,0,1.134959147830461e-06,6.501714278073223e-09,1.134959147830461e-06,6.501714278073223e-09
b'lane's_prince_albert.n.01',l,0,1,0,9,31,1,0,1,1.0,20.0,20,0,0,7.387344738568613e-07,3.706186468832584e-09,7.387344738568613e-07,3.706186468832584e-09
b'newtown_wonder.n.01',l,0,1,0,9,31,1,0,1,1.0,14.0,14,0,0,0.0,0.0,0.0,0.0
b'rome_beauty.n.01',l,0,1,0,9,41,1,0,1,1.0,11.0,11,0,0,3.331276505202929e-06,1.8348079500185577e-08,3.331276505202929e-06,1.8348079500185577e-08
b'crab_apple.n.03',l,0,1,0,8,41,2,0,3,3.0,9.5,9,1,0,6.047931668917705e-06,7.539182966809221e-08,7.060825654159331e-06,7.872030138855736e-08
b'eating_apple.n.01',l,15,1,19,8,54,2,0,1,1.0,12.5,12,0,0,2.04835456694974e-06,1.5125306118690673e-08,2.691961875050941e-06,1.689653394976176e-08
b'baldwin.n.03',l,0,1,0,9,56,1,0,3,3.0,7.0,7,0,0,0.001203027822612,9.839106041908964e-06,0.001203027822612,9.839106041908964e-06
b'cortland.n.01',l,0,1,0,9,27,1,0,1,1.0,8.0,8,0,0,4.7361468758166936e-05,3.0932770300751145e-07,4.7361468758166936e-05,3.0932770300751145e-07
b'delicious.n.01',l,2,1,2,9,30,1,0,3,3.0,9.0,9,0,0,4.682498164143567e-05,1.0419215072943189e-06,4.682498164143567e-05,1.0419215072943189e-06
b'golden_delicious.n.01',l,0,1,0,10,37,2,0,1,1.0,16.0,16,0,0,2.279939253557739e-06,4.1403312639465284e-08,4.463027651224749e-06,8.143559782070042e-08
b'red_delicious.n.01',l,0,1,0,10,76,1,0,1,1.0,13.0,13,0,0,1.727158814079921e-06,5.0470136514491066e-08,1.727158814079921e-06,5.0470136514491066e-08
b'empire.n.05',l,0,1,0,9,94,1,0,5,5.0,6.0,6,0,0,0.0066079842777071,5.336447247827891e-05,0.0066079842777071,5.336447247827891e-05
b'granny_smith.n.01',l,0,1,0,9,43,1,0,1,1.0,12.0,12,0,0,2.3755972398675773e-06,1.3136039456185244e-07,2.3755972398675773e-06,1.3136039456185244e-07
b'grimes'_golden.n.01',l,0,1,0,9,50,1,0,1,1.0,14.0,14,0,0,0.0,0.0,0.0,0.0
b'jonathan.n.01',l,0,1,0,9,44,1,0,1,1.0,8.0,8,0,0,0.0016040289590364,2.423265959805576e-05,0.0016040289590364,2.423265959805576e-05
b'mcintosh.n.01',l,1,1,1,9,111,1,0,1,1.0,8.0,8,0,0,5.731334087055728e-05,1.2529081914181006e-06,5.731334087055728e-05,1.2529081914181006e-06
b'macoun.n.01',l,0,1,0,10,44,1,0,1,1.0,6.0,6,0,0,1.1132693139015435e-05,3.5073891346826265e-08,1.1132693139015435e-05,3.5073891346826265e-08
b'northern_spy.n.01',l,0,1,0,9,63,1,0,1,1.0,12.0,12,0,0,5.763595370966712e-06,3.4660179615286786e-08,5.763595370966712e-06,3.4660179615286786e-08
b'pearmain.n.01',l,0,1,0,9,49,1,0,1,1.0,8.0,8,0,0,1.0338154350808535e-05,4.964511113314529e-08,1.0338154350808535e-05,4.964511113314529e-08
b'pippin.n.01',l,1,1,1,9,91,1,0,1,1.0,6.0,6,0,0,9.630265907256684e-05,8.796770885055594e-07,9.630265907256684e-05,8.796770885055594e-07
b'cox's_orange_pippin.n.01',l,0,1,0,10,39,1,0,1,1.0,19.0,19,0,0,2.279226405887957e-06,1.8914070309961065e-08,2.279226405887957e-06,1.8914070309961065e-08
b'prima.n.01',l,0,1,0,9,31,1,0,2,2.0,5.0,5,0,0,0.0001286903547565,1.2485969591580217e-06,0.0001286903547565,1.2485969591580217e-06
b'stayman.n.01',l,0,1,0,9,44,1,0,1,1.0,7.0,7,0,0,4.716722893371994e-06,5.416480419739855e-08,4.716722893371994e-06,5.416480419739855e-08
b'stayman_winesap.n.01',l,0,1,0,9,62,1,0,1,1.0,15.0,15,0,0,1.6287880079679518e-06,9.135253442593694e-09,1.6287880079679518e-06,9.135253442593694e-09
b'winesap.n.01',l,0,1,0,9,30,1,0,1,1.0,7.0,7,0,0,7.388866404722805e-06,5.3119199705520266e-08,7.388866404722805e-06,5.3119199705520266e-08
b'apricot.n.02',b,0,1,0,7,59,1,0,3,3.0,7.0,7,1,0,0.0001201492708844,1.2998583542866982e-06,0.0001201492708844,1.2998583542866982e-06
b'avocado.n.01',b,0,1,0,7,110,4,15,3,1.5,10.25,7,1,0,1.2085215086138357e-05,3.34857180539494e-07,4.198661511400914e-05,1.2984622799194767e-06
b'banana.n.02',b,0,1,0,7,60,1,1,2,2.0,6.0,6,2,0,0.0003949685555966,6.361573014146416e-06,0.0003949685555966,6.361573014146416e-06
b'barbados_gooseberry.n.02',l,0,1,0,7,105,2,0,2,1.5,15.0,11,1,0,3.3949627217116924e-08,1.272220419290537e-10,6.789925443423385e-08,2.544440838581074e-10
b'berry.n.01',h,18,1,21,7,107,1,3,4,4.0,5.0,5,1,0,0.0003347495378989,2.776119572445168e-06,0.0003347495378989,2.776119572445168e-06
b'acerola.n.02',l,0,1,0,8,88,4,0,3,2.25,13.5,7,1,0,1.6075961231654112e-07,4.994871377617116e-09,4.841612195605194e-07,1.8777081667309403e-08
b'bilberry.n.03',l,0,1,0,8,50,3,0,3,2.0,12.666666666666666,8,1,0,7.887868698139289e-06,5.399985171979557e-08,1.2100667245995568e-05,1.1574844194228717e-07
b'blackberry.n.01',b,0,2,0,8,104,1,2,3,3.0,10.0,10,2,0,7.664943430008009e-05,9.948579702268034e-07,7.664943430008009e-05,9.948579702268034e-07
b'blueberry.n.02',l,0,1,0,8,85,1,0,2,2.0,9.0,9,2,0,3.776749967054904e-05,9.569778285367647e-07,3.776749967054904e-05,9.569778285367647e-07
b'boysenberry.n.02',l,0,1,0,8,74,1,0,2,2.0,11.0,11,1,0,8.479507153102972e-07,2.274888721842672e-08,8.479507153102972e-07,2.274888721842672e-08
b'cranberry.n.02',l,0,2,0,8,43,1,0,2,2.0,9.0,9,2,0,7.10548158764368e-05,1.1546962923603132e-06,7.10548158764368e-05,1.1546962923603132e-06
b'currant.n.01',l,3,1,3,8,76,1,1,3,3.0,7.0,7,0,0,0.0001494810952067,9.337463779957034e-07,0.0001494810952067,9.337463779957034e-07
b'black_currant.n.02',l,0,1,0,9,44,1,0,2,2.0,13.0,13,1,0,1.00261687645542e-05,9.737327388847917e-08,1.00261687645542e-05,9.737327388847917e-08
b'gooseberry.n.02',l,0,1,0,9,53,1,0,2,2.0,10.0,10,1,0,9.29504567039885e-05,5.928971660296156e-07,9.29504567039885e-05,5.928971660296156e-07
b'red_currant.n.02',l,0,1,0,9,52,1,0,2,2.0,11.0,11,1,0,6.965584617990572e-06,5.7252737661883664e-08,6.965584617990572e-06,5.7252737661883664e-08
b'dewberry.n.02',l,0,1,0,8,67,1,0,2,2.0,8.0,8,2,0,7.481010888543693e-06,5.33566684168818e-08,7.481010888543693e-06,5.33566684168818e-08
b'huckleberry.n.03',l,0,1,0,8,83,1,0,3,3.0,11.0,11,1,0,1.967261897961592e-05,2.3259305237388617e-07,1.967261897961592e-05,2.3259305237388617e-07
b'lingonberry.n.02',l,0,1,0,8,60,4,0,2,1.75,13.5,8,1,0,5.786558636214356e-07,9.707496952116036e-09,1.2337530143624598e-06,2.490800188326148e-08
b'loganberry.n.02',l,0,1,0,8,33,1,0,2,2.0,10.0,10,1,0,3.0516837766780824e-06,2.1966349628144144e-08,3.0516837766780824e-06,2.1966349628144144e-08
b'mulberry.n.02',l,0,1,0,8,99,1,0,2,2.0,8.0,8,1,0,0.0003400838892844,1.7204852156282868e-06,0.0003400838892844,1.7204852156282868e-06
b'persimmon.n.02',l,0,1,0,8,54,1,0,2,2.0,9.0,9,2,0,2.8824314085351688e-05,3.0775957782225305e-07,2.8824314085351688e-05,3.0775957782225305e-07
b'raspberry.n.02',b,0,2,0,8,83,1,0,3,3.0,9.0,9,2,0,0.0001227043073583,1.598082178588811e-06,0.0001227043073583,1.598082178588811e-06
b'saskatoon.n.02',l,0,1,0,8,28,4,0,2,1.75,9.75,9,1,0,1.0249202038355163e-06,1.5958757485640133e-08,2.620521468155168e-06,4.067552694664301e-08
b'strawberry.n.01',b,0,1,0,8,22,1,1,3,3.0,10.0,10,1,0,0.0002382714602333,3.267192710154632e-06,0.0002382714602333,3.267192710154632e-06
b'sugarberry.n.02',l,0,1,0,8,79,2,0,2,2.0,9.5,9,0,0,6.969623835964556e-06,5.903262545459143e-08,1.3435332027134096e-05,1.1457219883936889e-07
b'wintergreen.n.03',l,0,1,0,8,52,5,0,3,2.2,9.8,8,1,0,4.9242786464814834e-06,4.155537293160095e-08,2.199701304772539e-05,1.770809845424992e-07
b'breadfruit.n.02',b,0,1,0,7,157,1,0,2,2.0,10.0,10,1,0,4.457859122020125e-05,3.961466035207195e-07,4.457859122020125e-05,3.961466035207195e-07
b'canistel.n.02',b,0,1,0,7,64,2,0,2,1.5,8.0,8,1,0,1.1352905186085005e-07,1.967964693982971e-09,1.2297167473196424e-07,2.332160686790985e-09
b'carambola.n.02',b,0,1,0,7,110,2,0,2,1.5,9.5,9,1,0,1.325345423852653e-06,3.5127652786570707e-08,2.218040090151696e-06,3.5595411063127365e-08
b'carissa_plum.n.01',b,0,1,0,7,54,2,0,3,2.0,11.0,10,1,0,2.819184771046812e-08,2.351735195471605e-10,5.638369542093624e-08,4.70347039094321e-10
b'ceriman.n.02',b,0,1,0,7,77,2,0,2,2.0,7.5,7,1,0,2.594041304815331e-07,2.953555275353459e-09,3.803436816052219e-07,4.952090737475601e-09
b'cherry.n.03',b,3,2,8,7,36,1,0,5,5.0,6.0,6,1,0,0.0006150342131832,6.553035063916468e-06,0.0006150342131832,6.553035063916468e-06
b'capulin.n.02',l,0,1,0,8,20,2,0,2,1.5,13.5,7,1,0,2.1929800364528523e-07,9.50394374310548e-10,4.3859600729057046e-07,1.900788748621096e-09
b'sour_cherry.n.03',l,2,1,2,8,41,1,0,3,3.0,11.0,11,0,0,3.331588559363219e-06,4.276427567617702e-08,3.331588559363219e-06,4.276427567617702e-08
b'amarelle.n.02',l,0,1,0,9,61,1,0,2,2.0,8.0,8,1,0,3.4796855900159906e-08,2.3644225119467954e-10,3.4796855900159906e-08,2.3644225119467954e-10
b'morello.n.02',l,0,1,0,9,55,1,0,2,2.0,7.0,7,2,0,1.70054565451494e-06,1.309152608541808e-08,1.70054565451494e-06,1.309152608541808e-08
b'sweet_cherry.n.02',l,2,1,3,8,70,2,0,2,2.0,12.0,12,1,0,7.097133972427949e-06,8.185638922242333e-08,1.0363174279159892e-05,1.0652282611545161e-07
b'bing_cherry.n.01',l,0,1,0,9,33,1,0,1,1.0,11.0,11,0,0,4.346224811990762e-08,1.2435599772153694e-09,4.346224811990762e-08,1.2435599772153694e-09
b'heart_cherry.n.02',l,1,1,1,9,47,3,0,2,2.0,11.0,7,0,0,3.468376325634533e-07,2.2204369176659355e-09,7.764399615334261e-07,4.8250478057454416e-09
b'blackheart.n.02',l,0,1,0,10,44,2,0,2,1.5,13.5,10,0,0,8.258214213817394e-07,4.290784623439681e-09,1.520011354894102e-06,8.424950515006913e-09
b'citrus.n.01',h,9,1,19,7,98,3,1,2,1.3333333333333333,10.333333333333334,6,2,0,8.82378737425323e-05,1.067969082030329e-06,0.0002375943178283,2.9601638971143984e-06
b'citrange.n.02',l,0,1,0,8,76,1,0,2,2.0,8.0,8,1,0,8.599266578257492e-07,1.1285267831340208e-08,8.599266578257492e-07,1.1285267831340208e-08
b'citron.n.01',b,0,1,0,8,65,1,1,2,2.0,6.0,6,1,0,9.768106743024418e-05,4.765336427681177e-07,9.768106743024418e-05,4.765336427681177e-07
b'grapefruit.n.02',b,0,1,0,8,82,1,0,2,2.0,10.0,10,2,0,8.423976688798351e-05,1.3819970945405655e-06,8.423976688798351e-05,1.3819970945405655e-06
b'kumquat.n.02',b,0,1,0,8,63,1,0,2,2.0,7.0,7,1,0,2.781881320190749e-06,4.973692568910337e-08,2.781881320190749e-06,4.973692568910337e-08
b'lemon.n.01',b,0,1,0,8,41,1,4,5,5.0,5.0,5,2,0,0.0007868661523389,1.1114057997474449e-05,0.0007868661523389,1.1114057997474449e-05
b'lime.n.06',b,1,1,1,8,51,1,0,8,8.0,4.0,4,1,0,0.0045993617695785,1.633736701478483e-05,0.0045993617695785,1.633736701478483e-05
b'key_lime.n.01',l,0,1,0,9,44,1,0,1,1.0,8.0,8,0,0,6.716895175895576e-07,5.3208262684734116e-08,6.716895175895576e-07,5.3208262684734116e-08
b'mandarin.n.05',b,3,1,3,8,60,2,0,6,4.0,11.5,8,1,0,7.619766692384955e-05,5.452375875236726e-07,0.0001500806163008,1.048250965141051e-06
b'clementine.n.02',l,0,1,0,9,62,1,0,2,2.0,10.0,10,0,0,2.785349708239737e-07,2.3766739687403063e-08,2.785349708239737e-07,2.3766739687403063e-08
b'satsuma.n.02',l,0,1,0,9,67,1,0,2,2.0,7.0,7,1,0,1.1145977607540658e-06,2.98031288537004e-08,1.1145977607540658e-06,2.98031288537004e-08
b'tangerine.n.02',l,0,1,0,9,83,1,0,4,4.0,9.0,9,1,0,1.3610315386158868e-05,3.234770957760702e-07,1.3610315386158868e-05,3.234770957760702e-07
b'orange.n.01',b,3,1,6,8,59,1,4,6,6.0,6.0,6,2,0,0.0025712268607094,2.869501076929737e-05,0.0025712268607094,2.869501076929737e-05
b'bitter_orange.n.02',l,0,1,0,9,49,3,0,2,2.0,12.666666666666666,11,1,0,5.077291303501319e-06,4.77825992106773e-08,5.580225737711331e-06,7.052119599393336e-08
b'sweet_orange.n.01',l,3,1,3,9,51,1,1,2,2.0,12.0,12,1,0,1.0672363110808549e-05,9.732337957757409e-08,1.0672363110808549e-05,9.732337957757409e-08
b'jaffa_orange.n.01',l,0,1,0,10,38,1,0,1,1.0,12.0,12,0,0,4.09541554058368e-07,3.3981718550180062e-09,4.09541554058368e-07,3.3981718550180062e-09
b'navel_orange.n.01',l,0,1,0,10,61,1,0,1,1.0,12.0,12,0,0,2.7217197453577317e-06,3.4525221792591765e-08,2.7217197453577317e-06,3.4525221792591765e-08
b'valencia_orange.n.01',l,0,1,0,10,72,1,0,1,1.0,15.0,15,0,0,1.5449415068369277e-06,1.4486987165440725e-08,1.5449415068369277e-06,1.4486987165440725e-08
b'temple_orange.n.02',l,0,1,0,9,61,1,0,2,2.0,13.0,13,1,0,2.5123130992232845e-08,4.5997548825393853e-10,2.5123130992232845e-08,4.5997548825393853e-10
b'pomelo.n.02',b,0,1,0,8,70,2,0,2,2.0,7.0,6,1,0,6.159029626640056e-06,4.2978244074731726e-08,8.736591580849051e-06,5.1964176961405435e-08
b'cling.n.01',h,0,1,0,7,64,2,0,4,2.5,7.5,5,0,0,0.0003801082448718,3.4687851191428365e-06,0.0007570176276772,6.90505748934811e-06
b'cocoa_plum.n.02',b,0,1,0,7,79,3,0,2,2.0,8.0,5,1,0,3.4079231662810977e-07,2.8856177493781963e-09,8.547050906471121e-07,6.874762981112781e-09
b'custard_apple.n.02',b,6,1,6,7,95,1,0,2,2.0,13.0,13,1,0,4.531606818458656e-06,4.2287975787758114e-08,4.531606818458656e-06,4.2287975787758114e-08
b'bullock's_heart.n.02',l,0,1,0,8,53,2,0,2,1.5,14.0,13,1,0,8.345527093833738e-07,4.986441370924409e-09,1.6691054187667476e-06,9.972882741848821e-09
b'cherimoya.n.02',l,0,1,0,8,80,2,0,2,1.5,9.5,9,1,0,8.593945605428477e-07,1.1290855361778542e-08,1.7187891210856954e-06,2.2581710723557084e-08
b'ilama.n.02',l,0,1,0,8,106,1,0,2,2.0,5.0,5,1,0,1.938637943926791e-07,2.3714186239698343e-09,1.938637943926791e-07,2.3714186239698343e-09
b'pond_apple.n.02',l,0,1,0,8,84,1,0,2,2.0,10.0,10,1,0,1.380193106331751e-07,3.906078460680362e-09,1.380193106331751e-07,3.906078460680362e-09
b'soursop.n.02',l,0,1,0,8,67,2,0,2,1.5,8.0,7,1,0,1.497002834860428e-06,1.9014486207780124e-08,2.169533873885854e-06,2.947948463116745e-08
b'sweetsop.n.02',l,0,1,0,8,70,3,0,2,1.3333333333333333,8.0,5,1,0,1.8528176326896664e-06,8.904814367364603e-09,4.617693371122833e-06,9.780771303979918e-09
b'date.n.08',b,0,1,0,7,65,1,0,13,13.0,4.0,4,1,0,0.0167357586287835,0.000164150391356,0.0167357586287835,0.000164150391356
b'dried_fruit.n.01',h,3,1,6,7,25,1,0,1,1.0,11.0,11,0,0,3.575966711366618e-05,5.393188473590271e-07,3.575966711366618e-05,5.393188473590271e-07
b'dried_apricot.n.01',b,0,1,0,8,28,1,0,1,1.0,13.0,13,0,0,6.55067365906703e-07,1.617517941809865e-08,6.55067365906703e-07,1.617517941809865e-08
b'prune.n.01',b,0,1,0,8,10,1,0,3,3.0,5.0,5,0,0,0.0001368173810192,1.3790536854685342e-06,0.0001368173810192,1.3790536854685342e-06
b'raisin.n.01',b,3,1,3,8,11,1,0,1,1.0,6.0,6,0,0,5.787266289303261e-05,7.985346712757746e-07,5.787266289303261e-05,7.985346712757746e-07
b'currant.n.03',l,0,1,0,9,93,1,0,3,3.0,7.0,7,0,0,0.0001494810952067,9.337463779957034e-07,0.0001494810952067,9.337463779957034e-07
b'seeded_raisin.n.01',l,0,1,0,9,32,1,0,1,1.0,13.0,13,0,0,4.5684302452109193e-08,4.5997548825393853e-10,4.5684302452109193e-08,4.5997548825393853e-10
b'seedless_raisin.n.01',l,0,1,0,9,20,2,0,2,1.5,11.0,7,0,0,1.5604681211658922e-05,8.044470321821874e-08,3.105424956473257e-05,1.604096695473345e-07
b'durian.n.02',b,0,1,0,7,122,1,0,2,2.0,6.0,6,1,0,9.12992006407709e-06,1.7976882560333254e-07,9.12992006407709e-06,1.7976882560333254e-07
b'elderberry.n.02',b,0,2,0,7,59,1,0,2,2.0,10.0,10,1,0,1.2050560530774136e-05,1.8531302714563933e-07,1.2050560530774136e-05,1.8531302714563933e-07
b'feijoa.n.02',b,0,1,0,7,93,2,0,2,1.5,10.5,6,1,0,2.5836699375086924e-07,6.269422481164355e-09,4.09923277128188e-07,9.513194676458172e-09
b'fig.n.04',b,0,1,0,7,93,1,0,4,4.0,3.0,3,1,0,0.0041142987774946,1.5989551684469916e-05,0.0041142987774946,1.5989551684469916e-05
b'freestone.n.01',h,0,1,0,7,63,1,0,1,1.0,9.0,9,0,0,0.0001262841367655,3.2141552708253585e-07,0.0001262841367655,3.2141552708253585e-07
b'garambulla.n.02',l,0,1,0,7,21,1,0,2,2.0,10.0,10,1,0,0.0,0.0,0.0,0.0
b'genip.n.02',b,0,1,0,7,107,2,0,2,2.0,8.5,5,1,0,2.624085388217013e-07,5.1740746548345484e-09,4.2119899976156283e-07,9.251818200439745e-09
b'genipap.n.01',b,0,1,0,7,57,2,0,2,1.5,10.0,7,1,0,1.4742467275945248e-07,1.665980386630905e-09,2.889558511354196e-07,3.165461337495401e-09
b'grape.n.01',b,3,1,14,7,90,1,2,3,3.0,5.0,5,2,0,0.0009296943717345,6.954298441996798e-06,0.0009296943717345,6.954298441996798e-06
b'muscadine.n.02',l,1,1,1,8,43,2,0,2,1.5,11.0,9,1,0,4.434144524001482e-06,3.5221390248807445e-08,8.868289048002964e-06,7.044278049761489e-08
b'scuppernong.n.01',l,0,1,0,9,57,1,0,1,1.0,11.0,11,0,0,1.8848883435174104e-06,1.9571356979497523e-08,1.8848883435174104e-06,1.9571356979497523e-08
b'slipskin_grape.n.01',l,1,1,3,8,46,1,0,1,1.0,14.0,14,0,0,0.0,0.0,0.0,0.0
b'fox_grape.n.02',l,2,1,2,9,133,1,0,2,2.0,9.0,9,1,0,1.415640192847789e-06,7.144686842153192e-09,1.415640192847789e-06,7.144686842153192e-09
b'catawba.n.02',l,0,1,0,10,46,1,0,3,3.0,7.0,7,0,0,7.994262895749671e-05,5.746223905589432e-07,7.994262895749671e-05,5.746223905589432e-07
b'concord_grape.n.01',l,0,1,0,10,70,1,0,1,1.0,13.0,13,0,0,2.018362255551409e-06,2.450260527808723e-08,2.018362255551409e-06,2.450260527808723e-08
b'vinifera_grape.n.02',l,6,1,7,8,66,1,0,2,2.0,14.0,14,1,0,2.0805595540851485e-07,3.397681136441122e-09,2.0805595540851485e-07,3.397681136441122e-09
b'emperor.n.02',l,0,1,0,9,29,1,0,4,4.0,7.0,7,0,0,0.0070427014525193,2.699060496524908e-05,0.0070427014525193,2.699060496524908e-05
b'muscat.n.04',l,0,1,0,9,46,3,0,4,2.333333333333333,8.666666666666666,6,1,0,4.242091953330733e-06,3.181565533250108e-08,6.705912507287692e-06,4.8333953728274543e-08
b'ribier.n.01',l,0,1,0,9,45,1,0,1,1.0,6.0,6,0,0,0.0,0.0,0.0,0.0
b'sultana.n.01',l,0,1,0,9,52,1,0,2,2.0,7.0,7,0,0,3.105424956473257e-05,1.604096695473345e-07,3.105424956473257e-05,1.604096695473345e-07
b'thompson_seedless.n.01',l,0,1,0,9,40,1,0,1,1.0,17.0,17,0,0,2.171138347328849e-06,1.4258195069061232e-08,2.171138347328849e-06,1.4258195069061232e-08
b'tokay.n.02',l,1,1,1,9,83,1,0,2,2.0,5.0,5,1,0,3.759943257719556e-05,1.7742754465643887e-07,3.759943257719556e-05,1.7742754465643887e-07
b'flame_tokay.n.01',l,0,1,0,10,24,1,0,1,1.0,11.0,11,0,0,0.0,0.0,0.0,0.0
b'guava.n.03',b,0,1,0,7,85,1,0,3,3.0,5.0,5,1,0,3.572153283037949e-05,4.930185468765558e-07,3.572153283037949e-05,4.930185468765558e-07
b'hog_plum.n.03',l,0,1,0,7,48,2,0,4,3.0,8.5,8,1,0,5.352187841506373e-06,3.802300174715612e-08,1.0125253275372614e-05,7.017108316631494e-08
b'hog_plum.n.04',b,0,1,0,7,26,2,0,4,3.0,10.5,8,1,0,3.148565310348572e-07,3.5785107099783886e-09,5.791224076401313e-07,5.8749203279973025e-09
b'jaboticaba.n.02',b,0,1,0,7,61,1,0,2,2.0,10.0,10,1,0,3.587465335214146e-07,3.6257129520933518e-09,3.587465335214146e-07,3.6257129520933518e-09
b'jackfruit.n.02',b,0,1,0,7,122,3,0,14,5.666666666666667,5.333333333333333,3,1,0,0.0001781839354273,1.812809790872431e-06,0.0005204280331554,5.210089057072764e-06
b'jujube.n.02',b,0,2,0,7,52,3,0,3,1.6666666666666667,10.666666666666666,6,1,0,3.559768609495695e-06,3.337135671503214e-08,9.407011547502007e-06,9.134243939001865e-08
b'kai_apple.n.01',b,0,1,0,7,86,1,0,1,1.0,9.0,9,1,0,0.0,0.0,0.0,0.0
b'ketembilla.n.02',b,0,1,0,7,104,3,0,2,2.0,10.0,10,1,0,0.0,0.0,0.0,0.0
b'kiwi.n.03',b,0,1,0,7,59,3,0,4,2.333333333333333,10.666666666666666,4,1,0,4.854247410951418e-06,1.413832789361654e-07,1.2775468228864996e-05,3.5477683013596106e-07
b'lanseh.n.01',b,0,1,0,7,39,4,0,1,1.0,5.75,5,1,0,1.45547929962693e-07,8.758575470793616e-10,3.815097980586213e-07,2.239884944188475e-09
b'litchi.n.02',b,0,1,0,7,105,7,0,2,1.2857142857142858,6.714285714285714,5,1,0,1.337826988326098e-06,2.7940333510128356e-08,3.969892316213475e-06,8.822140884490183e-08
b'longanberry.n.02',b,0,1,0,7,29,2,0,2,1.5,11.5,11,1,0,3.129448646194133e-07,4.4907115803738415e-09,6.258897292388266e-07,8.981423160747681e-09
b'loquat.n.02',b,0,1,0,7,107,2,0,3,2.5,9.5,6,1,0,3.110489586385934e-06,4.0761141573142374e-08,4.920864264623681e-06,5.343720843598022e-08
b'mamey.n.02',b,0,1,0,7,98,3,0,4,2.6666666666666665,7.666666666666667,5,1,0,1.590521975079288e-06,1.2385023266207421e-08,2.340017566937469e-06,2.385788810954637e-08
b'mango.n.02',b,0,1,0,7,89,1,0,2,2.0,5.0,5,1,0,0.0001465672986853,2.3231514205690478e-06,0.0001465672986853,2.3231514205690478e-06
b'mangosteen.n.02',b,0,1,0,7,92,1,0,2,2.0,10.0,10,1,0,6.250844487354357e-06,6.1938518314264e-08,6.250844487354357e-06,6.1938518314264e-08
b'marang.n.02',b,0,1,0,7,96,1,0,2,2.0,6.0,6,1,0,5.473332124195096e-07,8.665338002700196e-09,5.473332124195096e-07,8.665338002700196e-09
b'medlar.n.03',b,0,1,0,7,97,1,0,4,4.0,6.0,6,1,0,1.2663667853018978e-05,7.07447735948108e-08,1.2663667853018978e-05,7.07447735948108e-08
b'medlar.n.04',b,0,1,0,7,39,1,0,4,4.0,6.0,6,1,0,1.2663667853018978e-05,7.07447735948108e-08,1.2663667853018978e-05,7.07447735948108e-08
b'melon.n.01',b,3,1,9,7,83,1,2,2,2.0,5.0,5,1,0,0.0001871646691142,1.973940470634261e-06,0.0001871646691142,1.973940470634261e-06
b'melon_ball.n.01',l,0,1,0,8,31,1,0,1,1.0,10.0,10,0,0,1.7705318658411964e-07,4.572566991711824e-09,1.7705318658411964e-07,4.572566991711824e-09
b'muskmelon.n.02',l,3,1,6,8,79,2,0,2,2.0,10.0,9,1,0,3.648093681959952e-06,3.1797031341262993e-08,6.900627470884935e-06,5.5505736895611335e-08
b'cantaloup.n.02',l,0,1,0,9,79,2,0,2,2.0,9.5,9,1,0,8.977514282942911e-06,1.992495798908145e-07,1.6578509570930322e-05,3.950274276576238e-07
b'net_melon.n.02',l,0,1,0,9,92,3,0,2,2.0,11.0,9,1,0,5.7037199692466796e-08,9.782534967269403e-11,1.1891624689119863e-07,1.4673802450904103e-10
b'winter_melon.n.02',l,3,1,3,9,97,1,0,2,2.0,12.0,12,1,0,5.156804556982753e-07,1.814598427074543e-08,5.156804556982753e-07,1.814598427074543e-08
b'casaba.n.01',l,0,1,0,10,45,2,0,1,1.0,9.0,6,0,0,4.624720239543301e-07,6.2145107948552444e-09,7.884230563415251e-07,1.0029846286840892e-08
b'honeydew.n.01',l,0,1,0,10,102,2,0,2,1.5,11.0,8,0,0,9.847763553866296e-06,1.67521584160113e-07,1.837578807062368e-05,2.990085903320505e-07
b'persian_melon.n.02',l,0,1,0,10,82,1,0,2,2.0,13.0,13,0,0,3.638737924860358e-07,2.957957823124246e-09,3.638737924860358e-07,2.957957823124246e-09
b'watermelon.n.02',l,0,1,0,8,105,1,0,2,2.0,10.0,10,1,0,6.244385714704315e-05,1.3761750210505852e-06,6.244385714704315e-05,1.3761750210505852e-06
b'mombin.n.02',b,0,1,0,7,23,1,0,2,2.0,6.0,6,1,0,8.507320260475737e-07,1.4432460115898492e-08,8.507320260475737e-07,1.4432460115898492e-08
b'nectarine.n.02',b,0,1,0,7,57,1,0,2,2.0,9.0,9,1,0,2.4421455037781925e-05,1.887691070123765e-07,2.4421455037781925e-05,1.887691070123765e-07
b'papaw.n.02',b,0,1,0,7,50,2,0,3,2.5,5.5,5,1,0,1.1367484715307796e-05,8.957306540935407e-08,1.3365489445860136e-05,1.1708791802789165e-07
b'papaya.n.02',b,0,1,0,7,57,1,0,2,2.0,6.0,6,1,0,3.6772781563554346e-05,9.083534848741692e-07,3.6772781563554346e-05,9.083534848741692e-07
b'passion_fruit.n.01',b,3,1,3,7,104,1,0,1,1.0,13.0,13,1,0,4.088802097512723e-06,1.491213943438652e-07,4.088802097512723e-06,1.491213943438652e-07
b'bell_apple.n.01',l,0,1,0,8,50,4,0,2,1.25,11.75,9,1,0,5.758254858143075e-07,4.1723826425116295e-09,1.8889201020555468e-06,1.3497871709233776e-08
b'granadilla.n.04',l,0,1,0,8,80,1,0,4,4.0,10.0,10,2,0,2.706392448037498e-06,2.3248960978605737e-08,2.706392448037498e-06,2.3248960978605737e-08
b'sweet_calabash.n.02',l,0,1,0,8,44,1,0,2,2.0,14.0,14,1,0,7.07955310208508e-08,3.5226942890487223e-10,7.07955310208508e-08,3.5226942890487223e-10
b'peach.n.03',b,0,2,0,7,55,1,0,5,5.0,5.0,5,1,0,0.0004820072271058,4.76562172480044e-06,0.0004820072271058,4.76562172480044e-06
b'pear.n.01',b,4,2,4,7,61,1,3,2,2.0,4.0,4,1,0,0.0005973385000288,4.348221182226553e-06,0.0005973385000288,4.348221182226553e-06
b'anjou.n.02',l,0,1,0,8,39,1,0,2,2.0,5.0,5,0,0,3.286567875071533e-07,6.6175644963806235e-09,3.286567875071533e-07,6.6175644963806235e-09
b'bartlett.n.03',l,0,1,0,8,17,2,1,3,2.0,10.5,8,0,0,5.537559411572524e-07,3.0846474506629473e-09,1.0902049193406429e-06,6.071469549340236e-09
b'bosc.n.01',l,0,1,0,8,20,1,0,1,1.0,4.0,4,0,0,1.040356354259364e-06,5.1579620574671026e-09,1.040356354259364e-06,5.1579620574671026e-09
b'seckel.n.01',l,0,1,0,8,38,2,0,1,1.0,8.5,6,0,0,2.720360899807761e-07,2.8132406126868403e-09,3.884723772662469e-07,4.6867688618945635e-09
b'pineapple.n.02',b,0,1,0,7,89,2,0,2,2.0,7.5,6,1,0,7.638997247894075e-05,1.13149606928431e-06,0.0001436671064283,2.236703380731342e-06
b'pitahaya.n.02',b,0,1,0,7,97,1,0,2,2.0,8.0,8,1,0,2.500447046693832e-06,1.1415674627812676e-08,2.500447046693832e-06,1.1415674627812676e-08
b'plum.n.02',b,5,2,5,7,108,1,0,5,5.0,4.0,4,1,0,0.0004134400520001,3.995797669631429e-06,0.0004134400520001,3.995797669631429e-06
b'beach_plum.n.02',l,0,1,0,8,56,1,0,2,2.0,10.0,10,1,0,1.449010710752319e-06,1.1288883605686806e-08,1.449010710752319e-06,1.1288883605686806e-08
b'damson.n.01',l,0,1,0,8,35,2,0,3,2.0,8.5,6,1,0,6.314850706901076e-06,4.998221869723096e-08,1.212999517008484e-05,9.574561232739145e-08
b'greengage.n.01',l,0,1,0,8,46,2,0,1,1.0,11.5,9,0,0,1.6072646988954389e-06,1.5670338832096675e-08,2.8922201407155512e-06,2.9382698052415893e-08
b'sloe.n.03',l,0,1,0,8,66,1,0,3,3.0,4.0,4,2,0,2.5117120909357027e-05,1.902288175870126e-07,2.5117120909357027e-05,1.902288175870126e-07
b'victoria_plum.n.01',l,0,1,0,8,34,1,0,1,1.0,13.0,13,0,0,2.087672390932438e-07,1.9387089711386807e-09,2.087672390932438e-07,1.9387089711386807e-09
b'plumcot.n.02',l,0,1,0,7,31,1,0,2,2.0,7.0,7,1,0,5.53109273410124e-07,5.456109564150324e-09,5.53109273410124e-07,5.456109564150324e-09
b'pomegranate.n.02',b,0,1,0,7,87,1,0,2,2.0,11.0,11,1,0,0.000140582262162,1.3218759704614058e-06,0.000140582262162,1.3218759704614058e-06
b'prickly_pear.n.02',b,0,1,0,7,69,1,0,2,2.0,12.0,12,1,0,3.9114146945351536e-05,3.428395558557895e-07,3.9114146945351536e-05,3.428395558557895e-07
b'pulasan.n.02',b,0,1,0,7,64,2,0,2,2.0,7.5,7,1,0,5.7951626615537766e-08,6.986667633324116e-10,1.1590325323107553e-07,1.3973335266648235e-09
b'quandong.n.04',b,0,1,0,7,48,4,0,4,2.0,9.0,8,1,0,2.272393020627539e-07,4.806254297329282e-09,5.149358394684889e-07,1.4526990277374809e-08
b'quince.n.02',b,0,2,0,7,57,1,0,2,2.0,6.0,6,1,0,7.725591954965694e-05,5.943284122622572e-07,7.725591954965694e-05,5.943284122622572e-07
b'rambutan.n.02',b,0,1,0,7,70,2,0,2,2.0,8.0,8,1,0,1.0103601772448734e-06,1.8424788805759817e-08,2.0207203544897467e-06,3.684957761151964e-08
b'rose_apple.n.02',b,0,1,0,7,70,1,0,2,2.0,10.0,10,1,0,1.3070832320383197e-06,9.713306603487126e-09,1.3070832320383197e-06,9.713306603487126e-09
b'sapodilla.n.02',b,0,1,0,7,70,3,0,2,1.3333333333333333,9.666666666666666,6,1,0,2.1910067221445986e-06,2.3052094862604143e-08,3.5340923827398285e-06,3.4253787362104056e-08
b'sapote.n.02',b,0,1,0,7,46,3,0,4,2.333333333333333,8.666666666666666,6,1,0,1.7790637527580662e-06,1.3313666042310176e-08,2.979703578209758e-06,2.963933365407456e-08
b'sorb.n.01',b,0,1,0,7,26,2,0,2,2.0,7.0,4,1,0,3.121408319017513e-06,3.3770465658264366e-08,6.067708576029673e-06,6.678649810964998e-08
b'sour_gourd.n.02',b,0,1,0,7,41,2,0,3,2.0,11.0,10,1,0,4.260520948505542e-07,3.147195788699708e-09,7.130176492287088e-07,5.7855034096832014e-09
b'sour_gourd.n.03',b,0,1,0,7,74,1,0,3,3.0,10.0,10,1,0,1.3908654047239954e-07,5.088881677162148e-10,1.3908654047239954e-07,5.088881677162148e-10
b'tamarind.n.02',b,0,1,0,7,131,2,0,2,2.0,8.5,8,1,0,3.165852398187563e-05,2.988377165724643e-07,6.298941903537525e-05,5.901219140014291e-07
b'tangelo.n.02',l,0,1,0,7,86,3,0,2,1.6666666666666667,7.0,4,1,0,6.260462899060348e-07,8.97375114957318e-09,1.014124522802362e-06,1.4167137685205944e-08
b'windfall.n.01',h,0,1,0,7,35,1,0,2,2.0,8.0,8,0,0,8.199690317489683e-05,1.5457337667612592e-06,8.199690317489683e-05,1.5457337667612592e-06
b'hand_tool.n.01',h,41,1,156,8,31,1,2,1,1.0,9.0,9,1,0,5.112612841529085e-06,7.834035642417804e-08,5.112612841529085e-06,7.834035642417804e-08
b'awl.n.01',b,2,1,2,9,63,1,0,1,1.0,3.0,3,2,0,0.000119186485449,6.340112577163382e-07,0.000119186485449,6.340112577163382e-07
b'bradawl.n.01',l,0,1,0,10,55,2,0,2,1.5,7.0,7,0,0,6.957031783660916e-06,4.062894154444052e-08,1.0584081344688911e-05,4.5912567969708113e-08
b'scriber.n.01',l,0,1,0,10,55,3,0,5,2.333333333333333,8.0,6,0,0,0.0001279922998708,1.3193163547568314e-06,0.0003738925145171,3.90778700420924e-06
b'bevel.n.02',b,0,1,0,9,106,2,0,3,2.0,8.5,5,0,0,8.49145678167712e-05,5.792705625173866e-07,0.0001694286487818,1.1554675438674169e-06
b'bodkin.n.03',l,0,1,0,9,66,1,0,4,4.0,6.0,6,0,0,3.936452914032884e-05,1.9325034372741362e-07,3.936452914032884e-05,1.9325034372741362e-07
b'bodkin.n.04',l,0,1,0,9,49,2,0,4,2.5,7.0,6,0,0,2.0477782290667657e-05,1.0838794972656275e-07,3.936452914032884e-05,1.9325034372741362e-07
b'crank.n.04',b,1,1,1,9,63,2,0,10,8.5,6.0,5,0,0,0.0004583932164233,4.263827747763571e-06,0.0007159053688354,4.905466994387098e-06
b'crank_handle.n.01',l,0,1,0,10,29,2,0,1,1.0,13.5,12,0,0,3.603570071231133e-06,3.123727410070387e-08,3.7510274050189807e-06,3.423671834923425e-08
b'dibble.n.01',b,0,1,0,9,99,2,0,3,2.0,6.0,6,0,0,1.0611538574900605e-05,5.7050355106724744e-08,1.695658176892323e-05,7.787753197874282e-08
b'file.n.04',b,7,1,7,9,105,1,1,9,9.0,4.0,4,1,0,0.0047247588565824,0.0001375729807477,0.0047247588565824,0.0001375729807477
b'blunt_file.n.01',l,0,1,0,10,26,1,0,1,1.0,10.0,10,0,0,1.0557236581471009e-07,2.7420548470713513e-10,1.0557236581471009e-07,2.7420548470713513e-10
b'flat_file.n.01',l,0,1,0,10,29,1,0,1,1.0,9.0,9,0,0,4.912143094060184e-06,1.3567698076144552e-07,4.912143094060184e-06,1.3567698076144552e-07
b'nailfile.n.01',l,0,1,0,10,39,1,0,1,1.0,8.0,8,0,0,2.2305087818419447e-07,1.9521156913171467e-09,2.2305087818419447e-07,1.9521156913171467e-09
b'rasp.n.02',l,0,1,0,10,44,2,0,4,2.5,6.5,4,0,0,2.992374009881671e-05,3.7682826559137794e-07,5.931508705003807e-05,7.489861388876307e-07
b'rat-tail_file.n.01',l,0,1,0,10,47,1,0,1,1.0,13.0,13,0,0,1.265698856389719e-06,1.02122736933552e-08,1.265698856389719e-06,1.02122736933552e-08
b'round_file.n.01',l,0,1,0,10,70,1,0,1,1.0,10.0,10,0,0,3.6644170433586254e-06,2.7410731462396143e-08,3.6644170433586254e-06,2.7410731462396143e-08
b'taper_file.n.01',l,0,1,0,10,28,1,0,1,1.0,10.0,10,0,0,2.19999712162966e-07,8.81409861763771e-10,2.19999712162966e-07,8.81409861763771e-10
b'float.n.05',b,0,1,0,9,104,2,0,16,8.5,11.0,5,0,0,0.0006895381199451,6.924831257845709e-06,0.0013790235943815,1.384925189995556e-05
b'graver.n.01',b,1,1,1,9,26,4,0,4,1.75,8.25,6,0,0,9.661018022717044e-05,4.349538168593736e-07,0.0003819480133984,1.7259936271329934e-06
b'scauper.n.01',l,0,1,0,10,67,2,0,1,1.0,7.0,7,0,0,2.8962014943755e-07,1.3768590902824007e-09,5.358769698260435e-07,2.5789810287335513e-09
b'gutter.n.04',b,0,1,0,9,23,1,0,8,8.0,6.0,6,0,0,0.0003030611457859,3.034631276932487e-06,0.0003030611457859,3.034631276932487e-06
b'hammer.n.02',b,7,1,9,9,96,1,2,10,10.0,6.0,6,2,0,0.00138697185821,1.2596957276400644e-05,0.00138697185821,1.2596957276400644e-05
b'ball-peen_hammer.n.01',l,0,1,0,10,63,1,0,1,1.0,16.0,16,0,0,1.013051058540437e-06,2.1935134597583783e-08,1.013051058540437e-06,2.1935134597583783e-08
b'bricklayer's_hammer.n.01',l,0,1,0,10,30,1,0,1,1.0,19.0,19,0,0,9.336525307740429e-08,1.0265393396435839e-10,9.336525307740429e-08,1.0265393396435839e-10
b'carpenter's_hammer.n.01',l,0,1,0,10,50,3,0,1,1.0,13.0,10,0,0,1.7925826879724067e-06,3.5806133465617534e-08,2.8073727599275955e-06,5.59478650075107e-08
b'mallet.n.03',l,2,1,2,10,167,2,0,6,4.5,6.0,6,0,0,0.0003149945562768,2.5345045742142247e-06,0.0004763460262893,3.7842011124666897e-06
b'carpenter's_mallet.n.01',l,0,1,0,11,74,1,0,1,1.0,18.0,18,0,0,3.584916333926325e-07,3.565698958318819e-09,3.584916333926325e-07,3.565698958318819e-09
b'gavel.n.01',l,0,1,0,11,53,1,0,1,1.0,5.0,5,0,0,4.864449253361158e-05,7.238068064907566e-07,4.864449253361158e-05,7.238068064907566e-07
b'maul.n.01',l,0,1,0,10,58,3,0,5,3.333333333333333,7.333333333333333,4,0,0,0.0001452488771002,1.150249687498217e-06,0.0003902012102514,2.6292810844097403e-06
b'plexor.n.01',l,0,1,0,10,113,3,0,1,1.0,7.333333333333333,6,0,0,1.0413257736860415e-06,3.6474087407774767e-09,1.629391750052056e-06,6.904770089022349e-09
b'tack_hammer.n.01',l,0,1,0,10,42,1,3,1,1.0,11.0,11,0,0,1.209270912960747e-06,1.5350107851475062e-08,1.209270912960747e-06,1.5350107851475062e-08
b'hand_shovel.n.01',X,4,2,6,9,33,1,0,1,1.0,11.0,11,0,0,5.899214237103934e-07,5.953475268327679e-09,5.899214237103934e-07,5.953475268327679e-09
b'coal_shovel.n.01',X,0,1,0,10,32,1,0,1,1.0,11.0,11,0,0,1.0723116181110548e-06,1.3950420818531484e-08,1.0723116181110548e-06,1.3950420818531484e-08
b'entrenching_tool.n.01',X,0,1,0,10,57,2,0,1,1.0,15.5,15,0,0,9.523817882280128e-07,2.050440932321873e-08,1.7958127884742936e-06,3.9892235292882106e-08
b'spade.n.02',X,2,1,2,10,68,1,1,4,4.0,5.0,5,0,0,0.0004994089707679,3.539591943990672e-06,0.0004994089707679,3.539591943990672e-06
b'ditch_spade.n.01',X,0,1,0,11,53,2,0,1,1.0,14.5,11,0,0,1.828826361738312e-07,1.8640214372034336e-09,3.657652723476623e-07,3.728042874406867e-09
b'garden_spade.n.01',X,0,1,0,11,25,1,0,1,1.0,12.0,12,0,0,1.1544044181688309e-06,1.6524503099191182e-08,1.1544044181688309e-06,1.6524503099191182e-08
b'spud.n.02',X,0,1,0,10,51,2,0,4,2.5,7.0,4,0,0,8.324805163439919e-06,7.734879048371114e-08,1.6649610326879838e-05,1.5469758096742225e-07
b'marlinespike.n.01',b,0,1,0,9,93,3,0,1,1.0,11.666666666666666,11,0,0,1.5420214586683856e-06,1.572059700934621e-08,2.6348935496800507e-06,2.5220142418902473e-08
b'miter_box.n.01',b,0,1,0,9,66,2,0,1,1.0,9.0,9,0,0,1.4502495102319823e-06,1.737501154064347e-08,2.2868325900704534e-06,3.009791971209097e-08
b'opener.n.03',h,3,1,6,9,64,1,0,3,3.0,6.0,6,0,0,9.230866444553952e-05,2.181414629376377e-06,9.230866444553952e-05,2.181414629376377e-06
b'bottle_opener.n.01',b,2,1,2,10,49,1,0,1,1.0,13.0,13,0,0,1.6981011842776006e-06,6.310586719848743e-08,1.6981011842776006e-06,6.310586719848743e-08
b'cap_opener.n.01',l,0,1,0,11,31,1,0,1,1.0,10.0,10,0,0,3.513304627777991e-08,1.488123346771175e-09,3.513304627777991e-08,1.488123346771175e-09
b'corkscrew.n.01',b,0,1,0,11,32,2,1,2,1.5,10.5,9,0,0,3.092262624199149e-05,4.029108469846832e-07,6.172938915582904e-05,8.054397824253101e-07
b'can_opener.n.01',b,1,1,1,10,30,2,0,1,1.0,10.0,10,0,0,4.7383226958463975e-06,1.1792229859253213e-07,8.864207788561451e-06,2.2065902527401707e-07
b'church_key.n.01',l,0,1,0,11,74,1,0,1,1.0,10.0,10,0,0,8.26987538837809e-07,1.7259665696656157e-08,8.26987538837809e-07,1.7259665696656157e-08
b'latchstring.n.01',b,0,1,0,10,108,1,0,1,1.0,11.0,11,0,0,2.7098777161116416e-06,1.5461254054827123e-08,2.7098777161116416e-06,1.5461254054827123e-08
b'pallet.n.03',b,0,1,0,9,73,1,0,5,5.0,6.0,6,0,0,0.000168316502993,1.835291357110691e-06,0.000168316502993,1.835291357110691e-06
b'pestle.n.03',b,0,1,0,9,70,1,0,4,4.0,6.0,6,0,0,0.0001093288474578,8.748917537104717e-07,0.0001093288474578,8.748917537104717e-07
b'pick.n.06',h,2,1,2,9,58,1,0,21,21.0,4.0,4,0,0,0.0028883588133794,6.10895331192296e-05,0.0028883588133794,6.10895331192296e-05
b'icepick.n.01',b,0,1,0,10,85,2,0,1,1.0,7.5,7,1,0,3.6160746402502655e-06,8.852444888240997e-08,5.975472381236635e-06,1.6257041579592626e-07
b'toothpick.n.01',b,0,2,0,8,93,1,0,1,1.0,9.0,9,0,0,5.216205816527264e-05,1.021320457539332e-06,5.216205816527264e-05,1.021320457539332e-06
b'pincer.n.01',b,1,1,1,9,67,4,0,2,1.25,11.0,6,0,0,1.1549777143515794e-05,1.470998371999599e-07,2.151610861300668e-05,3.636224477077121e-07
b'roach_clip.n.01',l,0,1,0,10,56,2,0,1,1.0,11.0,10,0,0,9.278376407288737e-08,3.29516089934978e-09,1.5641795383936066e-07,6.4238223629331515e-09
b'pipe_cutter.n.01',b,0,1,0,9,28,1,0,1,1.0,11.0,11,0,0,1.0700198784796555e-06,6.754367065653355e-09,1.0700198784796555e-06,6.754367065653355e-09
b'pitchfork.n.01',b,0,1,0,9,85,1,2,2,2.0,9.0,9,1,0,4.069959422103864e-05,6.104806971052312e-07,4.069959422103864e-05,6.104806971052312e-07
b'plane.n.05',b,16,2,17,9,78,3,0,9,3.6666666666666665,13.0,5,0,0,0.0027167104388777,2.611206148366481e-05,0.008147794492288,7.832220217096619e-05
b'beading_plane.n.01',l,0,1,0,10,62,1,0,1,1.0,13.0,13,0,0,4.193236788699317e-08,1.0770605587961946e-10,4.193236788699317e-08,1.0770605587961946e-10
b'block_plane.n.01',l,0,1,0,10,40,1,0,1,1.0,11.0,11,0,0,1.7217081777487486e-06,2.347844763050944e-08,1.7217081777487486e-06,2.347844763050944e-08
b'bullnose.n.01',l,0,1,0,10,62,2,0,1,1.0,11.5,8,0,0,6.060598620460933e-07,1.5867410052550213e-08,1.2121197240921866e-06,3.1734820105100425e-08
b'chamfer_plane.n.01',l,0,1,0,10,33,1,0,1,1.0,13.0,13,0,0,1.6703989262623065e-07,1.6437604610786136e-09,1.6703989262623065e-07,1.6437604610786136e-09
b'circular_plane.n.01',l,0,1,0,10,70,2,0,1,1.0,13.5,13,0,0,1.8222061255526725e-06,7.909982169262975e-09,3.524212917604963e-06,1.3655962582959093e-08
b'combination_plane.n.01',l,0,1,0,10,70,1,0,1,1.0,17.0,17,0,0,1.8323885597748562e-07,2.7020412574074726e-09,1.8323885597748562e-07,2.7020412574074726e-09
b'dovetail_plane.n.01',l,0,1,0,10,68,1,0,1,1.0,14.0,14,0,0,0.0,0.0,0.0,0.0
b'fore_plane.n.01',l,0,1,0,10,73,1,0,1,1.0,10.0,10,0,0,3.097634984072784e-07,2.535051002450217e-09,3.097634984072784e-07,2.535051002450217e-09
b'jack_plane.n.01',l,0,1,0,10,39,1,0,1,1.0,10.0,10,0,0,2.389345987285907e-06,1.6737952357459562e-08,2.389345987285907e-06,1.6737952357459562e-08
b'jointer.n.01',l,0,1,0,10,84,4,0,1,1.0,11.0,7,0,0,3.165870820829794e-06,3.4332616721810545e-08,1.0931553779847114e-05,9.815559565140577e-08
b'match_plane.n.01',l,0,1,0,10,91,2,0,1,1.0,19.0,11,0,0,1.7350194590065593e-08,3.4287958236567384e-10,3.4700389180131186e-08,6.857591647313477e-10
b'openside_plane.n.01',l,1,1,1,10,43,2,0,1,1.0,13.0,12,0,0,2.542437310820711e-07,2.916962449361904e-09,5.084874621641422e-07,5.833924898723808e-09
b'dado_plane.n.01',l,0,1,0,11,32,1,0,1,1.0,10.0,10,0,0,4.9059601783807416e-08,6.165942201263873e-10,4.9059601783807416e-08,6.165942201263873e-10
b'router_plane.n.01',l,0,1,0,10,89,1,0,1,1.0,12.0,12,0,0,1.9825457876765373e-07,1.5958294130591355e-09,1.9825457876765373e-07,1.5958294130591355e-09
b'scrub_plane.n.01',l,0,1,0,10,56,1,0,1,1.0,11.0,11,0,0,4.7125496754896197e-08,1.0078956003134463e-09,4.7125496754896197e-08,1.0078956003134463e-09
b'smooth_plane.n.01',l,0,1,0,10,29,2,0,1,1.0,13.5,12,0,0,3.6011712055139533e-06,2.54018766021602e-08,5.577250506982878e-06,3.5414122301347106e-08
b'spokeshave.n.01',l,0,1,0,10,142,1,0,1,1.0,10.0,10,0,0,3.6604193123235262e-06,3.2917263581566665e-08,3.6604193123235262e-06,3.2917263581566665e-08
b'pliers.n.01',b,5,2,5,9,69,3,0,2,1.6666666666666667,8.666666666666666,6,1,0,3.376574825505093e-05,5.197604130794767e-07,8.702688169659467e-05,1.407366482908401e-06
b'locking_pliers.n.01',l,0,1,0,10,34,1,0,1,1.0,14.0,14,0,0,4.4988555703007204e-07,1.2613943667361129e-08,4.4988555703007204e-07,1.2613943667361129e-08
b'needlenose_pliers.n.01',l,0,1,0,10,46,1,0,1,1.0,17.0,17,0,0,3.578853257496517e-07,1.6981470007948474e-08,3.578853257496517e-07,1.6981470007948474e-08
b'pump-type_pliers.n.01',l,0,1,0,10,16,1,0,1,1.0,16.0,16,0,0,0.0,0.0,0.0,0.0
b'rib_joint_pliers.n.01',l,0,1,0,10,16,1,0,1,1.0,16.0,16,0,0,0.0,0.0,0.0,0.0
b'slip-joint_pliers.n.01',l,0,1,0,10,92,1,0,1,1.0,17.0,17,0,0,1.655385347965055e-07,5.8813387493472655e-09,1.655385347965055e-07,5.8813387493472655e-09
b'plumber's_snake.n.01',b,0,2,0,4,67,2,0,2,1.5,10.0,5,0,0,4.736117620178504e-05,3.58244150455711e-07,9.459337428552315e-05,7.1371326271219e-07
b'plunger.n.03',b,0,1,0,9,98,2,0,4,2.5,11.5,7,0,0,0.000124887690908,6.866649504555511e-07,0.000249089398669,1.3657267459166178e-06
b'ravehook.n.01',b,0,1,0,9,64,1,0,1,1.0,8.0,8,0,0,0.0,0.0,0.0,0.0
b'sandblaster.n.01',b,0,1,0,9,93,1,0,1,1.0,11.0,11,0,0,4.620783037867504e-07,1.2281236916322769e-08,4.620783037867504e-07,1.2281236916322769e-08
b'saw.n.02',b,7,1,16,9,44,1,0,28,28.0,3.0,3,2,0,0.0379017043305793,0.0004392367845866,0.0379017043305793,0.0004392367845866
b'bill.n.08',l,0,1,0,10,38,2,0,13,7.0,6.0,4,0,0,0.0062651712506787,3.0716069439939986e-05,0.0125260022541624,6.138594835647382e-05
b'bucksaw.n.01',l,0,1,0,10,109,1,0,1,1.0,7.0,7,0,0,1.0118635251910035e-06,1.5106474737791586e-08,1.0118635251910035e-06,1.5106474737791586e-08
b'crown_saw.n.01',l,0,1,0,10,55,1,0,1,1.0,9.0,9,0,0,3.512728595639336e-07,3.162016759539199e-09,3.512728595639336e-07,3.162016759539199e-09
b'folding_saw.n.01',l,0,1,0,10,81,1,0,1,1.0,11.0,11,0,0,8.719584704275364e-08,2.8789122197281362e-09,8.719584704275364e-08,2.8789122197281362e-09
b'hacksaw.n.01',l,0,1,0,10,40,3,0,1,1.0,8.0,7,0,0,5.685448667303028e-06,7.060823829322754e-08,1.112093987765128e-05,1.897760881774957e-07
b'handsaw.n.01',l,7,1,8,10,41,3,0,1,1.0,10.0,7,0,0,5.513951691756465e-06,5.7386182324610984e-08,1.0163517812689092e-05,1.224044687830883e-07
b'backsaw.n.01',l,0,1,0,11,71,2,0,1,1.0,7.5,7,0,0,1.7847037892260165e-06,2.0441821568795152e-08,2.3722764593836487e-06,2.1761596080693838e-08
b'compass_saw.n.01',l,0,1,0,11,59,1,0,1,1.0,11.0,11,0,0,1.0918565371276223e-06,5.080964315951064e-09,1.0918565371276223e-06,5.080964315951064e-09
b'coping_saw.n.01',l,0,1,0,11,71,1,0,1,1.0,10.0,10,0,0,3.436062748773949e-06,3.511910939835161e-08,3.436062748773949e-06,3.511910939835161e-08
b'crosscut_saw.n.01',l,0,1,0,11,62,3,0,1,1.0,12.666666666666666,10,0,0,1.7955422218265034e-06,1.7881844889081993e-08,4.6532244154517954e-06,4.886596371989072e-08
b'keyhole_saw.n.01',l,0,1,0,11,92,1,0,1,1.0,11.0,11,0,0,1.4700762509534115e-06,1.1562597990177892e-08,1.4700762509534115e-06,1.1562597990177892e-08
b'pruning_saw.n.01',l,1,1,1,11,32,1,0,1,1.0,11.0,11,0,0,1.084942625739771e-06,1.131656235386913e-08,1.084942625739771e-06,1.131656235386913e-08
b'pruner.n.02',l,0,1,0,12,108,3,0,2,1.3333333333333333,8.0,6,0,0,4.183761152687371e-06,2.2845210612132405e-08,8.566041452606754e-06,4.2905829999995155e-08
b'ripsaw.n.01',l,0,1,0,11,48,2,0,1,1.0,7.0,6,0,0,1.1815477049814671e-06,9.324581107250653e-09,2.3630954099629342e-06,1.8649162214501306e-08
b'two-handed_saw.n.01',l,1,1,1,10,63,4,0,3,1.5,11.75,7,0,0,8.501811780943849e-07,1.3653358035305152e-08,2.834907195992109e-06,4.761312233370064e-08
b'pitsaw.n.01',l,0,1,0,11,118,1,0,1,1.0,6.0,6,0,0,1.711894541955861e-07,1.5824488386328992e-09,1.711894541955861e-07,1.5824488386328992e-09
b'scraper.n.01',h,0,1,0,9,38,1,0,1,1.0,7.0,7,0,0,0.0001443004637629,9.759594377101166e-07,0.0001443004637629,9.759594377101166e-07
b'screwdriver.n.01',b,3,1,3,9,76,1,1,2,2.0,11.0,11,0,0,4.642612955496617e-05,1.1656977108032152e-06,4.642612955496617e-05,1.1656977108032152e-06
b'flat_tip_screwdriver.n.01',l,0,1,0,10,87,1,0,1,1.0,20.0,20,0,0,0.0,0.0,0.0,0.0
b'phillips_screwdriver.n.01',l,0,1,0,10,42,1,0,1,1.0,20.0,20,0,0,6.893830534759893e-07,2.9051974159699512e-08,6.893830534759893e-07,2.9051974159699512e-08
b'spiral_ratchet_screwdriver.n.01',l,0,1,0,10,158,2,0,1,1.0,22.5,19,1,0,1.343239109108385e-07,8.262411865800344e-10,2.1391325480402126e-07,1.488123346771175e-09
b'shovel.n.01',b,3,1,9,9,92,1,2,5,5.0,6.0,6,0,0,0.0004054735813951,4.515061846177559e-06,0.0004054735813951,4.515061846177559e-06
b'posthole_digger.n.01',l,0,1,0,10,31,2,0,1,1.0,15.5,15,0,0,5.26205615802855e-07,1.0117590210079186e-08,6.006548262660338e-07,1.1954390366497591e-08
b'scoop.n.05',l,0,1,0,10,43,2,0,8,4.5,8.5,5,2,0,9.22264595804856e-05,1.670427337563396e-06,0.0001834146420236,3.330526737954642e-06
b'soldering_iron.n.01',b,0,1,0,9,62,1,0,1,1.0,14.0,14,0,0,1.190255860572531e-05,1.478647746466777e-07,1.190255860572531e-05,1.478647746466777e-07
b'spatula.n.02',b,3,1,3,9,76,1,0,2,2.0,7.0,7,1,0,0.0001061628500167,1.3730805221712217e-06,0.0001061628500167,1.3730805221712217e-06
b'palette_knife.n.01',l,0,1,0,10,75,1,0,1,1.0,13.0,13,0,0,8.978851450014425e-06,1.282858299589407e-07,8.978851450014425e-06,1.282858299589407e-07
b'putty_knife.n.01',l,0,1,0,10,36,1,0,1,1.0,11.0,11,0,0,5.198500124203864e-06,7.672574398043254e-08,5.198500124203864e-06,7.672574398043254e-08
b'slice.n.06',l,0,1,0,10,36,1,0,10,10.0,5.0,5,0,0,0.0005948292180164,1.2503325251600472e-05,0.0005948292180164,1.2503325251600472e-05
b'spreader.n.01',b,0,1,0,9,35,1,0,2,2.0,8.0,8,0,0,4.8432035903545056e-05,4.418607204570435e-07,4.8432035903545056e-05,4.418607204570435e-07
b'square.n.08',b,3,1,4,9,99,1,0,25,25.0,6.0,6,0,0,0.012978392518562,9.414134547114372e-05,0.012978392518562,9.414134547114372e-05
b'carpenter's_square.n.01',l,0,1,0,10,59,1,0,1,1.0,18.0,18,0,0,3.7167559590045593e-06,3.517259905549963e-08,3.7167559590045593e-06,3.517259905549963e-08
b't-square.n.01',l,0,2,0,9,49,1,1,1,1.0,8.0,8,0,0,1.5187084189904889e-05,1.0698824226551552e-07,1.5187084189904889e-05,1.0698824226551552e-07
b'try_square.n.01',l,1,1,1,10,75,1,0,1,1.0,10.0,10,0,0,2.7526072426953263e-06,1.998245036105573e-08,2.7526072426953263e-06,1.998245036105573e-08
b'set_square.n.01',l,0,1,0,11,44,1,0,1,1.0,10.0,10,0,0,5.6985905958484295e-06,6.384802908598887e-08,5.6985905958484295e-06,6.384802908598887e-08
b'straightedge.n.01',b,0,1,0,9,137,1,0,1,1.0,12.0,12,0,0,2.388820649501522e-05,2.730678474449633e-07,2.388820649501522e-05,2.730678474449633e-07
b'tire_iron.n.01',b,0,2,0,9,103,2,1,1,1.0,9.0,9,0,0,1.516943735790921e-06,8.198550927041026e-08,2.56066922454945e-06,1.539153231533419e-07
b'trowel.n.01',b,5,1,5,9,113,1,0,2,2.0,6.0,6,0,0,9.793241686395504e-05,9.24288968917608e-07,9.793241686395504e-05,9.24288968917608e-07
b'brick_trowel.n.01',l,0,1,0,10,24,2,0,1,1.0,13.0,12,0,0,8.869892109963917e-07,6.089471212000763e-09,1.6257761000781912e-06,1.1670054256285312e-08
b'garden_trowel.n.01',l,0,1,0,10,26,1,0,1,1.0,13.0,13,0,0,1.058260655772969e-06,2.009267419111893e-08,1.058260655772969e-06,2.009267419111893e-08
b'plastering_trowel.n.01',l,0,1,0,10,42,1,0,1,1.0,17.0,17,0,0,1.286384471721469e-07,1.448600517317544e-09,1.286384471721469e-07,1.448600517317544e-09
b'pointing_trowel.n.01',l,0,1,0,10,69,1,0,1,1.0,15.0,15,0,0,4.538977552148715e-07,4.757846117087183e-09,4.538977552148715e-07,4.757846117087183e-09
b'slick.n.04',l,0,1,0,10,37,1,0,10,10.0,5.0,5,0,0,0.0001290698512512,4.005476284874021e-06,0.0001290698512512,4.005476284874021e-06
b'weeder.n.02',b,0,1,0,9,30,2,0,2,1.5,9.0,6,0,0,3.825005356547506e-06,2.6366311300929368e-08,7.621174222594007e-06,5.0019853148342015e-08
b'wire_stripper.n.01',b,0,1,0,9,91,1,0,1,1.0,13.0,13,0,0,3.246690546965248e-07,7.530033929725732e-09,3.246690546965248e-07,7.530033929725732e-09
b'wrench.n.03',b,17,1,25,9,55,2,0,7,4.0,6.5,6,1,0,0.0001202676747971,1.5783309024186565e-06,0.000218908962509,2.790605776681332e-06
b'adjustable_wrench.n.01',l,4,1,7,10,36,2,0,1,1.0,17.5,17,0,0,7.663937233171048e-07,1.5770283190441603e-08,1.2523253026808234e-06,2.5489265809142125e-08
b'crescent_wrench.n.01',l,0,1,0,11,110,1,0,1,1.0,15.0,15,0,0,6.57896050859641e-07,1.6145046188853485e-08,6.57896050859641e-07,1.6145046188853485e-08
b'monkey-wrench.n.01',l,0,1,0,11,59,2,0,1,1.0,13.0,13,0,0,5.091630466746988e-06,7.859396866649605e-08,8.07665894808629e-06,1.337768722464716e-07
b'pipe_wrench.n.01',l,2,1,3,11,107,2,0,1,1.0,11.0,11,0,0,1.1181105964985782e-06,1.8515315503009333e-08,2.2362211929971565e-06,3.7030631006018666e-08
b'chain_tongs.n.01',l,1,1,1,12,144,1,0,1,1.0,11.0,11,1,0,3.2326001966898055e-07,1.6442512351666492e-09,3.2326001966898055e-07,1.6442512351666492e-09
b'chain_wrench.n.01',l,0,1,0,13,28,1,0,1,1.0,12.0,12,0,0,9.645817777501065e-08,5.780530741572586e-10,9.645817777501065e-08,5.780530741572586e-10
b'stillson_wrench.n.01',l,0,1,0,12,101,1,0,1,1.0,15.0,15,0,0,7.607040953261368e-07,2.956485278815535e-09,7.607040953261368e-07,2.956485278815535e-09
b'screw_wrench.n.01',l,0,1,0,11,74,1,0,1,1.0,12.0,12,0,0,3.263436692546584e-07,1.801360782760497e-09,3.263436692546584e-07,1.801360782760497e-09
b'allen_wrench.n.01',l,0,1,0,10,25,1,0,1,1.0,12.0,12,0,0,9.245009080505184e-07,2.0844590054025506e-08,9.245009080505184e-07,2.0844590054025506e-08
b'alligator_wrench.n.01',l,0,1,0,10,97,1,0,1,1.0,16.0,16,0,0,6.916988501415311e-08,3.7203083669279375e-10,6.916988501415311e-08,3.7203083669279375e-10
b'box_wrench.n.01',l,0,1,0,10,72,2,0,1,1.0,12.0,10,1,0,3.2407825809044333e-07,2.687330233341889e-09,5.833661182452765e-07,4.573057932333313e-09
b'brace_wrench.n.01',l,0,1,0,10,81,1,0,1,1.0,12.0,12,0,0,0.0,0.0,0.0,0.0
b'bulldog_wrench.n.01',l,0,1,0,10,53,1,0,1,1.0,14.0,14,0,0,0.0,0.0,0.0,0.0
b'carriage_wrench.n.01',l,0,1,0,10,45,1,0,1,1.0,15.0,15,0,0,0.0,0.0,0.0,0.0
b'dog_wrench.n.01',l,0,1,0,10,42,1,0,1,1.0,10.0,10,0,0,2.4764598746673805e-08,3.7203083669279375e-10,2.4764598746673805e-08,3.7203083669279375e-10
b'hook_wrench.n.01',l,0,1,0,10,54,2,0,1,1.0,11.5,11,0,0,5.502578589826335e-08,1.5661873013772531e-10,6.891314885057453e-08,1.6649943576640958e-10
b'lug_wrench.n.01',l,0,1,0,10,87,1,0,1,1.0,10.0,10,1,0,6.772017262512975e-07,2.4743241233693425e-08,6.772017262512975e-07,2.4743241233693425e-08
b'open-end_wrench.n.01',l,1,1,1,10,84,2,0,1,1.0,14.0,13,0,0,3.648439176329177e-07,4.177345136469057e-09,7.296878352658354e-07,8.354690272938115e-09
b's_wrench.n.01',l,0,1,0,11,32,1,0,1,1.0,8.0,8,0,0,1.24964343858891e-07,2.643247842826213e-10,1.24964343858891e-07,2.643247842826213e-10
b'pin_wrench.n.01',l,0,1,0,10,85,1,0,1,1.0,10.0,10,0,0,1.988291173093959e-07,5.286495685652426e-10,1.988291173093959e-07,5.286495685652426e-10
b'screw_key.n.01',l,0,1,0,10,28,1,0,1,1.0,9.0,9,0,0,1.5734417611878992e-07,1.5360543254017143e-09,1.5734417611878992e-07,1.5360543254017143e-09
b'socket_wrench.n.01',l,0,1,0,10,74,1,0,1,1.0,13.0,13,1,0,2.4502384333713323e-06,3.58251206478144e-08,2.4502384333713323e-06,3.58251206478144e-08
b'sparkplug_wrench.n.01',l,0,1,0,10,103,1,0,1,1.0,16.0,16,0,0,1.0388177318354508e-08,4.1155365226863694e-10,1.0388177318354508e-08,4.1155365226863694e-10
b'tap_wrench.n.01',l,0,1,0,10,61,1,0,1,1.0,10.0,10,0,0,1.0260888154284276e-06,6.470771696243105e-09,1.0260888154284276e-06,6.470771696243105e-09
b'torque_wrench.n.01',l,0,1,0,10,75,1,0,1,1.0,13.0,13,0,0,2.82181755667521e-06,7.242492827685966e-08,2.82181755667521e-06,7.242492827685966e-08
b'musical_instrument.n.01',h,10,1,184,7,90,2,1,9,5.0,14.0,10,0,0,0.0050676722493392,3.282165991436159e-05,0.010007718745328,6.443808160838671e-05
b'barrel_organ.n.01',b,0,1,0,8,81,6,0,1,1.0,11.166666666666666,10,0,0,4.513525055453947e-06,3.8264081000938255e-08,1.4502455802034577e-05,1.2678092176088285e-07
b'bass.n.07',h,4,1,6,8,67,1,0,9,9.0,4.0,4,0,0,0.0009047287841781,1.2509492080425844e-05,0.0009047287841781,1.2509492080425844e-05
b'bass_fiddle.n.01',b,0,2,0,9,46,6,4,2,1.3333333333333333,10.5,9,0,0,6.380205626183022e-06,7.2348770271032e-08,1.499852753550357e-05,2.045403064698803e-07
b'bass_guitar.n.01',l,0,2,0,9,53,1,0,1,1.0,11.0,11,0,0,2.429137561543726e-06,2.1629064406170078e-07,2.429137561543726e-06,2.1629064406170078e-07
b'bass_horn.n.01',b,2,2,2,9,32,3,0,1,1.0,7.666666666666667,4,0,0,1.8200758868121745e-05,1.554521275407931e-07,5.2527964724546905e-05,4.463845897362262e-07
b'euphonium.n.01',l,0,1,0,10,72,1,0,1,1.0,9.0,9,0,0,3.098248581578922e-06,4.4083961370233744e-08,3.098248581578922e-06,4.4083961370233744e-08
b'helicon.n.01',l,0,1,0,10,51,2,0,2,1.5,8.0,7,0,0,1.5372462999763137e-06,2.2520402875869653e-08,2.2075999122073142e-06,3.715969576489897e-08
b'bombardon.n.02',l,0,2,0,9,50,2,0,5,3.5,8.0,7,0,0,4.784701945775849e-05,3.945707889307926e-07,9.482714622777166e-05,7.812604678747448e-07
b'calliope.n.02',l,0,1,0,8,84,2,0,2,1.5,9.5,8,1,0,4.45761794207189e-06,4.9310965088977816e-08,8.2876411819921e-06,9.175789372761757e-08
b'electronic_instrument.n.01',h,3,1,3,8,57,2,0,1,1.0,25.0,21,0,0,1.2504229446042014e-06,2.17931673818228e-08,2.284682018960371e-06,3.7503923522308475e-08
b'electric_organ.n.01',b,0,1,0,9,48,4,1,6,2.25,12.0,5,0,0,0.0014080953669813,8.395846845088428e-06,0.0056178787936005,3.345955155964475e-05
b'synthesizer.n.02',b,0,2,0,9,170,2,0,2,2.0,11.0,11,0,0,1.4637291858271562e-05,5.397966207354443e-07,2.7430818735185717e-05,9.909641676131289e-07
b'theremin.n.01',b,0,1,0,9,171,1,0,1,1.0,8.0,8,0,0,8.103596571551464e-07,4.342393822298618e-08,8.103596571551464e-07,4.342393822298618e-08
b'jew's_harp.n.01',b,0,1,0,8,153,3,0,1,1.0,9.666666666666666,9,0,0,4.812691903495018e-07,4.4960726993300195e-09,1.0374328922591047e-06,5.472756470226159e-09
b'keyboard_instrument.n.01',h,7,1,16,8,58,1,0,1,1.0,19.0,19,0,0,5.200265537907978e-06,5.916517586967984e-08,5.200265537907978e-06,5.916517586967984e-08
b'accordion.n.01',b,0,2,0,9,122,3,0,1,1.0,11.666666666666666,9,1,0,2.0700491313974112e-05,4.362364621387134e-07,6.133356054793815e-05,1.2873361470155942e-06
b'celesta.n.01',b,0,1,0,9,108,1,0,1,1.0,7.0,7,0,0,7.052215376779358e-06,5.410422687646133e-08,7.052215376779358e-06,5.410422687646133e-08
b'clavichord.n.01',b,0,2,0,9,70,1,0,1,1.0,10.0,10,0,0,2.2679402055580944e-05,1.5236303596566358e-07,2.2679402055580944e-05,1.5236303596566358e-07
b'clavier.n.02',h,1,2,3,9,41,2,0,2,1.5,7.0,7,0,0,1.8674802628237952e-05,1.269719396290725e-07,3.175188029458376e-05,1.7479133163078586e-07
b'harpsichord.n.01',b,2,1,2,10,68,2,0,1,1.0,9.0,7,0,0,8.126914956113618e-05,5.617595393303532e-07,0.0001571700727538,1.067265884557855e-06
b'spinet.n.02',l,0,1,0,11,53,1,0,2,2.0,6.0,6,0,0,2.5862792069730745e-05,1.9510182625026573e-07,2.5862792069730745e-05,1.9510182625026573e-07
b'virginal.n.01',l,0,1,0,11,91,2,0,4,2.5,12.5,8,0,0,4.247554654532304e-05,5.830750064439449e-07,8.413957766162383e-05,1.1639210697467206e-06
b'organ.n.05',b,0,2,0,9,160,2,0,6,3.5,7.5,5,5,0,0.0028167104692478,1.6825006223797345e-05,0.0056178787936005,3.345955155964475e-05
b'piano.n.01',b,3,3,6,9,117,3,11,4,2.0,8.666666666666666,5,7,0,0.0006995072598135,8.881020312045962e-06,0.0018965926325336,2.561765450082021e-05
b'grand_piano.n.01',l,2,1,2,10,91,2,0,10,5.5,8.0,5,1,0,0.0046343094520628,2.8897307331021693e-05,0.0092296754992275,5.71421260247007e-05
b'baby_grand.n.01',l,0,1,0,11,19,6,0,1,1.0,14.666666666666666,10,0,0,8.759593160753698e-07,3.1546371924429106e-08,3.352773920051177e-06,1.1818017853215681e-07
b'concert_grand.n.01',l,0,1,0,11,47,2,0,1,1.0,13.0,13,0,0,1.625332333304863e-06,2.5474967690897188e-08,2.7746319304355893e-06,4.0287035929509336e-08
b'mechanical_piano.n.01',l,0,1,0,10,87,3,0,1,1.0,11.666666666666666,7,0,0,4.194121464758578e-06,4.4073314183397854e-08,5.3969532399777975e-06,8.777644566748678e-08
b'upright.n.02',l,1,1,1,10,38,2,0,5,3.0,10.0,7,0,0,0.0012974009519516,9.702338225281435e-06,0.0025850325719147,1.922601677506464e-05
b'spinet.n.01',l,0,1,0,11,41,1,0,2,2.0,6.0,6,0,0,2.5862792069730745e-05,1.9510182625026573e-07,2.5862792069730745e-05,1.9510182625026573e-07
b'music_box.n.01',b,0,1,0,8,110,2,0,1,1.0,10.0,9,0,0,1.082202922714215e-05,1.5330361335941236e-07,1.1994260762926425e-05,2.391203253182539e-07
b'percussion_instrument.n.01',h,15,1,33,8,82,2,1,1,1.0,21.0,21,1,0,2.015299151045258e-06,3.8741070129688644e-08,3.6737115556295663e-06,6.952079090183362e-08
b'bones.n.01',b,0,1,0,9,203,4,1,6,3.0,9.0,5,0,0,0.0016126478156267,1.1162546546650276e-05,0.006391572238499,4.4196323869982734e-05
b'chime.n.01',h,2,1,2,9,122,3,0,11,5.333333333333333,4.333333333333333,4,0,0,0.0012117048180405,1.1786138922313208e-05,0.0033534569602124,3.1689794013800565e-05
b'carillon.n.01',b,0,1,0,10,33,1,0,2,2.0,8.0,8,0,0,2.071548506377141e-05,1.584921633934755e-07,2.071548506377141e-05,1.584921633934755e-07
b'handbell.n.01',b,0,1,0,10,31,1,0,1,1.0,8.0,8,0,0,4.924497310154763e-06,6.944060970681677e-08,4.924497310154763e-06,6.944060970681677e-08
b'cymbal.n.01',b,2,1,2,9,145,1,0,1,1.0,6.0,6,0,0,5.718786570696466e-05,5.416246153799875e-07,5.718786570696466e-05,5.416246153799875e-07
b'high-hat_cymbal.n.01',l,0,1,0,10,41,2,0,2,1.5,11.5,8,0,0,6.526651855756627e-06,6.772683339151264e-08,1.2985885560978794e-05,1.3343215954364498e-07
b'zill.n.01',b,0,1,0,10,123,1,0,1,1.0,4.0,4,0,0,4.183728892492855e-07,6.287155462914029e-09,4.183728892492855e-07,6.287155462914029e-09
b'drum.n.01',b,8,1,8,9,112,3,5,9,3.6666666666666665,7.666666666666667,4,1,0,0.0005780308115818,4.836026642992171e-06,0.0017201955461132,1.443368046238902e-05
b'bass_drum.n.01',l,0,1,0,10,75,2,0,1,1.0,9.0,9,0,0,1.0872086476973464e-05,1.663532299411852e-07,2.161056983474019e-05,3.311200202915643e-07
b'bongo.n.01',l,0,1,0,10,35,2,0,2,1.5,7.5,5,0,0,4.798964915703197e-06,1.0228432745229554e-07,9.285807672010373e-06,1.923973798056977e-07
b'snare_drum.n.01',l,0,1,0,10,71,3,0,7,3.0,8.0,5,1,0,0.0002015632271812,1.2429382931777866e-06,0.000593752363784,3.5086547995888395e-06
b'tabor.n.01',l,0,1,0,10,43,2,0,1,1.0,5.5,5,0,0,1.6623688166655937e-05,8.46175455260223e-08,3.085878712738577e-05,1.607201198794428e-07
b'tambour.n.02',l,0,1,0,10,6,1,0,2,2.0,7.0,7,0,0,4.183110011091173e-05,1.608107993433805e-07,4.183110011091173e-05,1.608107993433805e-07
b'tambourine.n.01',l,0,1,0,10,74,1,0,1,1.0,10.0,10,0,0,6.102910646887949e-05,6.379397063938086e-07,6.102910646887949e-05,6.379397063938086e-07
b'tenor_drum.n.01',l,0,1,0,10,37,2,0,1,1.0,8.5,7,0,0,1.0441802854976869e-05,8.974830223440479e-08,2.005310532116056e-05,1.711923758307421e-07
b'timbrel.n.01',l,0,1,0,10,79,1,0,1,1.0,7.0,7,0,0,2.0853996559822008e-05,1.0996825849929337e-07,2.0853996559822008e-05,1.0996825849929337e-07
b'glockenspiel.n.01',b,0,1,0,9,116,2,0,1,1.0,14.0,12,0,0,3.0005620696438307e-06,3.391465684676742e-08,5.835674940835034e-06,6.632093807468209e-08
b'gong.n.01',b,0,1,0,9,94,2,0,3,2.0,5.5,4,0,0,7.564879339488906e-05,1.064672193962224e-06,0.0001474228144875,2.0915622371830977e-06
b'kettle.n.04',l,0,1,0,9,124,5,0,4,2.0,7.6,6,0,0,0.0002147016336138,1.4252943834947015e-06,0.0006327541281052,5.7610918702266645e-06
b'lagerphone.n.01',b,0,1,0,9,178,1,0,1,1.0,10.0,10,0,0,3.0948063767938245e-08,1.1303205940671468e-10,3.0948063767938245e-08,1.1303205940671468e-10
b'maraca.n.01',b,0,1,0,9,103,1,0,1,1.0,6.0,6,0,0,1.7478120524772045e-06,3.4923291813981905e-08,1.7478120524772045e-06,3.4923291813981905e-08
b'marimba.n.01',b,0,1,0,9,122,2,1,1,1.0,8.0,7,0,0,1.549495884173302e-05,2.629819135790968e-07,1.9259975467700308e-05,2.915271437586853e-07
b'rain_stick.n.01',b,0,1,0,9,256,1,0,1,1.0,10.0,10,0,0,1.0350558993232897e-07,8.588314948099196e-09,1.0350558993232897e-07,8.588314948099196e-09
b'steel_drum.n.01',b,0,1,0,9,166,1,0,1,1.0,10.0,10,0,0,3.003901390519204e-06,5.25412851004603e-08,3.003901390519204e-06,5.25412851004603e-08
b'triangle.n.05',b,0,1,0,9,87,1,0,5,5.0,8.0,8,0,0,0.0019780362715664,1.7794995983422268e-05,0.0019780362715664,1.7794995983422268e-05
b'vibraphone.n.01',l,0,1,0,9,134,3,0,2,1.3333333333333333,8.0,5,0,0,4.202222308717178e-06,2.1044370237162846e-07,8.726719822105267e-06,5.596929213425028e-07
b'stringed_instrument.n.01',h,13,1,48,8,70,1,0,1,1.0,19.0,19,4,0,2.8139046083452968e-05,2.4201262505130217e-07,2.8139046083452968e-05,2.4201262505130217e-07
b'banjo.n.01',b,0,1,0,9,79,1,1,1,1.0,5.0,5,1,0,7.381218541047119e-05,1.494378636834881e-06,7.381218541047119e-05,1.494378636834881e-06
b'bowed_stringed_instrument.n.01',h,5,1,11,9,47,2,3,17,9.0,15.5,6,1,0,0.0015350257074732,2.5207326856790942e-05,0.0030699319368068,5.041298936703242e-05
b'cello.n.01',b,0,1,0,10,73,2,0,1,1.0,8.0,5,0,0,9.416393015326818e-05,1.043610993178845e-06,0.0001206789121814,1.744484109167388e-06
b'viol.n.01',h,3,1,3,10,77,1,0,1,1.0,4.0,4,0,0,9.547320549074811e-05,5.061081367330189e-07,9.547320549074811e-05,5.061081367330189e-07
b'viola_d'amore.n.01',l,0,1,0,11,41,1,0,1,1.0,13.0,13,0,0,2.4618069617288185e-06,1.733598153919047e-08,2.4618069617288185e-06,1.733598153919047e-08
b'viola_da_braccio.n.01',l,0,1,0,11,67,1,0,1,1.0,16.0,16,0,0,5.004493747184924e-07,4.3367306412633874e-09,5.004493747184924e-07,4.3367306412633874e-09
b'viola_da_gamba.n.01',l,0,1,0,11,89,3,0,2,1.3333333333333333,9.333333333333334,5,0,0,1.164307193968206e-05,1.1209693676998239e-07,1.8289075229382945e-05,1.9648157945084682e-07
b'viola.n.03',b,0,1,0,10,78,1,0,3,3.0,5.0,5,0,0,0.0001040163024086,9.786452892512898e-07,0.0001040163024086,9.786452892512898e-07
b'violin.n.01',b,3,1,3,10,179,2,4,8,4.5,6.0,6,2,0,0.0005696519545494,6.052562412151019e-06,0.0008225672928574,8.30308908916777e-06
b'amati.n.02',l,0,1,0,11,55,1,0,2,2.0,5.0,5,0,0,1.969353706088306e-05,1.964967708545373e-07,1.969353706088306e-05,1.964967708545373e-07
b'guarnerius.n.03',l,0,1,0,11,48,1,0,3,3.0,10.0,10,0,0,8.594253088745063e-06,4.515722018538781e-08,8.594253088745063e-06,4.515722018538781e-08
b'stradavarius.n.01',l,0,1,0,11,61,2,0,1,1.0,8.5,5,0,0,3.587875783379185e-06,3.5579384709272244e-08,7.143684256361027e-06,7.069626306588361e-08
b'chordophone.n.01',h,4,1,8,9,77,1,0,1,1.0,11.0,11,0,0,3.9345167679449844e-07,2.103908336437144e-08,3.9345167679449844e-07,2.103908336437144e-08
b'balalaika.n.01',b,0,1,0,10,66,1,0,1,1.0,9.0,9,0,0,5.277742077147707e-06,5.0593468969850626e-08,5.277742077147707e-06,5.0593468969850626e-08
b'harp.n.01',b,2,1,3,10,189,1,1,5,5.0,4.0,4,0,0,0.0007804480781032,5.34302807864151e-06,0.0007804480781032,5.34302807864151e-06
b'aeolian_harp.n.01',l,0,1,0,11,76,3,0,1,1.0,11.0,9,0,0,7.93770523121092e-07,8.736219377543838e-09,1.8566863366764608e-06,1.865045451410197e-08
b'lyre.n.01',l,1,1,1,11,47,1,0,1,1.0,4.0,4,0,0,0.0003940434675655,2.0582265278790146e-06,0.0003940434675655,2.0582265278790146e-06
b'trigon.n.03',l,0,1,0,12,44,1,0,3,3.0,6.0,6,0,0,5.127176352592855e-06,2.6945397024746853e-08,5.127176352592855e-06,2.6945397024746853e-08
b'lute.n.02',b,0,1,0,10,120,1,0,2,2.0,4.0,4,1,0,0.0003369126506527,2.17713721895052e-06,0.0003369126506527,2.17713721895052e-06
b'mandolin.n.01',b,1,1,1,10,73,1,0,1,1.0,8.0,8,1,0,3.415157347430586e-05,5.467793471325422e-07,3.415157347430586e-05,5.467793471325422e-07
b'mandola.n.01',l,0,1,0,11,25,1,0,1,1.0,7.0,7,0,0,7.693027525568219e-07,1.0313106146853102e-08,7.693027525568219e-07,1.0313106146853102e-08
b'dulcimer.n.01',b,0,1,0,9,113,1,0,2,2.0,8.0,8,0,0,2.2618291541931512e-05,2.0694187696790325e-07,2.2618291541931512e-05,2.0694187696790325e-07
b'guitar.n.01',b,6,1,6,9,81,1,3,1,1.0,6.0,6,1,0,0.0004276018923121,1.2048929420416243e-05,0.0004276018923121,1.2048929420416243e-05
b'acoustic_guitar.n.01',l,0,1,0,10,42,1,0,1,1.0,15.0,15,0,0,3.10532917702222e-06,2.955247424551999e-07,3.10532917702222e-06,2.955247424551999e-07
b'cittern.n.01',l,0,1,0,10,98,5,0,2,1.2,6.6,6,0,0,8.986914434361282e-05,2.835834756353961e-07,0.0004353517508093,1.3398025089372825e-06
b'electric_guitar.n.01',l,0,1,0,10,53,1,0,1,1.0,15.0,15,0,0,6.63854823090837e-06,4.3805452776268805e-07,6.63854823090837e-06,4.3805452776268805e-07
b'hawaiian_guitar.n.01',l,0,1,0,10,106,2,0,1,1.0,13.5,12,0,0,1.4934107535335972e-06,4.9054954542882e-08,2.3010804706125043e-06,8.33857853876907e-08
b'uke.n.01',l,0,1,0,10,34,2,0,1,1.0,5.0,3,0,0,1.2135179492556158e-05,1.3505628437826545e-07,1.7562427002459913e-05,1.7230316728955589e-07
b'koto.n.01',b,0,1,0,9,155,1,0,1,1.0,4.0,4,0,0,2.0320330886836047e-05,3.309864382572414e-07,2.0320330886836047e-05,3.309864382572414e-07
b'psaltery.n.01',b,0,1,0,9,118,1,0,1,1.0,8.0,8,0,0,2.275212639979429e-05,1.494912496013967e-07,2.275212639979429e-05,1.494912496013967e-07
b'samisen.n.01',b,0,1,0,9,161,2,0,1,1.0,7.5,7,0,0,7.16540922215958e-06,9.98822420328338e-08,9.730801612928277e-06,1.37947784750736e-07
b'sitar.n.01',b,0,1,0,9,137,1,0,1,1.0,5.0,5,0,0,6.741208243010721e-06,2.406715040592644e-07,6.741208243010721e-06,2.406715040592644e-07
b'zither.n.01',b,1,1,1,9,140,3,0,2,1.3333333333333333,6.333333333333333,6,0,0,0.000152224998822,5.429814724141243e-07,0.0004353517508093,1.3398025089372825e-06
b'dulcimer.n.02',l,0,1,0,10,70,1,0,2,2.0,8.0,8,0,0,2.2618291541931512e-05,2.0694187696790325e-07,2.2618291541931512e-05,2.0694187696790325e-07
b'wind_instrument.n.01',h,10,1,75,8,108,2,0,15,8.0,9.5,4,2,0,0.0067691817405198,6.255109551034366e-05,0.0135191621084231,0.000124978403619
b'brass.n.02',h,9,1,13,9,143,2,2,7,4.0,10.5,5,1,0,0.0015553004096865,9.111200600209202e-06,0.0031058742615641,1.817692009353777e-05
b'baritone.n.03',b,0,1,0,10,39,2,0,4,2.5,10.5,8,0,0,4.634916971391068e-05,7.261498717880954e-07,9.20483770248115e-05,1.4436343462875811e-06
b'bugle.n.01',b,0,1,0,10,71,1,3,4,4.0,5.0,5,0,0,0.0002206097542227,1.829522943808115e-06,0.0002206097542227,1.829522943808115e-06
b'clarion.n.01',b,0,1,0,10,52,1,0,4,4.0,7.0,7,0,0,7.131068824151043e-05,7.233848577925528e-07,7.131068824151043e-05,7.233848577925528e-07
b'cornet.n.01',b,1,1,1,10,118,4,2,12,6.0,5.5,4,0,0,0.0009106089283363,6.905589174266424e-06,0.0021089838073748,1.6285449873976177e-05
b'serpent.n.03',l,0,1,0,11,42,1,0,3,3.0,7.0,7,0,0,0.0015384678792997,1.0434666364744771e-05,0.0015384678792997,1.0434666364744771e-05
b'flugelhorn.n.01',b,0,1,0,10,60,2,0,1,1.0,10.5,10,0,0,5.258092069665432e-07,1.5231575056784408e-08,7.510763615492522e-07,2.7389400969468625e-08
b'french_horn.n.01',b,0,1,0,10,114,2,1,12,6.5,7.5,4,0,0,0.001065188466411,8.241983771029027e-06,0.0021089838073748,1.6285449873976177e-05
b'saxhorn.n.01',b,0,1,0,10,75,1,0,1,1.0,7.0,7,0,0,1.1086371533020056e-06,4.243891238431274e-09,1.1086371533020056e-06,4.243891238431274e-09
b'trombone.n.01',b,1,1,1,10,91,1,0,1,1.0,8.0,8,0,0,7.086465764150063e-05,7.550400766831444e-07,7.086465764150063e-05,7.550400766831444e-07
b'sackbut.n.01',l,0,1,0,11,51,1,0,1,1.0,7.0,7,0,0,7.958330475510422e-06,4.405385567451958e-08,7.958330475510422e-06,4.405385567451958e-08
b'free-reed_instrument.n.01',h,5,1,6,9,34,1,0,1,1.0,20.0,20,1,0,6.309367459045312e-08,5.94560983779857e-10,6.309367459045312e-08,5.94560983779857e-10
b'american_organ.n.01',b,0,1,0,10,80,1,0,1,1.0,14.0,14,0,0,2.3899938923488406e-06,1.6662832891256585e-08,2.3899938923488406e-06,1.6662832891256585e-08
b'concertina.n.02',b,1,1,1,10,105,1,0,3,3.0,10.0,10,0,0,2.3660661066182694e-05,3.902809027067633e-07,2.3660661066182694e-05,3.902809027067633e-07
b'bandoneon.n.01',l,0,1,0,11,45,1,0,1,1.0,9.0,9,0,0,3.241793277986016e-07,2.3089111067520207e-08,3.241793277986016e-07,2.3089111067520207e-08
b'harmonica.n.01',b,0,1,0,10,133,4,0,5,2.0,8.5,4,0,0,0.0002052677065428,1.5369099476414403e-06,0.0007804480781032,5.34302807864151e-06
b'harmonium.n.01',b,0,1,0,10,74,3,0,6,2.6666666666666665,8.0,5,0,0,0.0018847905027739,1.126673169634292e-05,0.0056178787936005,3.345955155964475e-05
b'kazoo.n.01',b,0,1,0,9,93,1,0,1,1.0,5.0,5,0,0,2.2607591154688578e-06,6.78641320916995e-08,2.2607591154688578e-06,6.78641320916995e-08
b'ocarina.n.01',b,0,1,0,9,73,2,0,3,2.0,9.5,7,0,0,3.332790423901666e-05,4.424987514184409e-07,6.422549531581723e-05,8.615791102783987e-07
b'organ_pipe.n.01',l,3,1,10,9,35,3,0,9,3.6666666666666665,7.333333333333333,4,1,0,0.001756391517088,1.244875282383854e-05,0.0052475888987828,3.701706918946002e-05
b'flue_pipe.n.01',l,0,1,0,10,90,3,0,3,1.6666666666666667,8.0,4,0,0,0.0001324860651935,6.839239928326432e-07,0.0003952149257457,2.033752480201656e-06
b'organ_stop.n.01',l,6,1,7,10,51,1,0,1,1.0,10.0,10,0,0,1.6858790655160938e-06,8.379838156713504e-09,1.6858790655160938e-06,8.379838156713504e-09
b'diapason.n.01',l,0,1,0,11,44,2,0,1,1.0,10.5,8,0,0,2.2073894897702007e-05,9.27280956464216e-08,4.3824634879285895e-05,1.846236941105417e-07
b'dulciana.n.01',l,0,1,0,11,57,1,0,1,1.0,8.0,8,0,0,9.34292174500917e-07,1.920981373970676e-09,9.34292174500917e-07,1.920981373970676e-09
b'flue_stop.n.01',l,0,1,0,11,42,1,0,1,1.0,9.0,9,0,0,2.263376409974982e-07,7.44552523801456e-10,2.263376409974982e-07,7.44552523801456e-10
b'reed_stop.n.01',l,1,1,1,11,48,1,0,1,1.0,9.0,9,0,0,1.1956367917398405e-06,6.099231342204803e-09,1.1956367917398405e-06,6.099231342204803e-09
b'vox_humana.n.01',l,0,1,0,12,63,1,0,1,1.0,10.0,10,0,0,3.367266343312636e-06,1.6680631542698166e-08,3.367266343312636e-06,1.6680631542698166e-08
b'sourdine.n.02',l,0,1,0,11,45,1,0,2,2.0,8.0,8,0,0,1.1484914109183286e-06,8.076039392790335e-09,1.1484914109183286e-06,8.076039392790335e-09
b'vox_angelica.n.01',l,0,1,0,11,47,2,0,1,1.0,12.0,12,0,0,2.2968161574044021e-07,1.561737843214228e-09,2.852566796107681e-07,2.6635001981745172e-09
b'reed_pipe.n.01',l,0,1,0,10,32,1,0,1,1.0,9.0,9,0,0,4.65530621007737e-06,3.33454277523515e-08,4.65530621007737e-06,3.33454277523515e-08
b'pipe.n.04',h,6,1,10,9,25,1,0,9,9.0,4.0,4,0,0,0.0052475888987828,3.701706918946002e-05,0.0052475888987828,3.701706918946002e-05
b'bagpipe.n.01',b,1,1,1,10,96,1,1,1,1.0,7.0,7,2,0,5.705115358978219e-05,3.836401276657853e-07,5.705115358978219e-05,3.836401276657853e-07
b'musette.n.01',l,0,1,0,11,42,2,0,2,1.5,11.0,7,0,0,7.161605955929851e-06,4.920397556062994e-08,8.085259559642566e-06,6.39663291224224e-08
b'chanter.n.01',l,0,1,0,10,57,2,0,1,1.0,9.0,7,1,0,2.10450351986885e-05,1.2949322797384258e-07,4.197633379021681e-05,2.5687136684382494e-07
b'drone.n.05',l,0,1,0,10,71,3,0,7,3.0,7.333333333333333,5,1,0,5.343843017829864e-05,7.058853243961197e-07,0.0001524110102764,2.069882384603261e-06
b'fipple_flute.n.01',b,2,1,3,10,69,4,0,4,1.75,11.25,8,0,0,0.0001534727012985,1.4866467371310588e-06,0.0006131379200269,5.938069762123632e-06
b'flageolet.n.02',l,1,1,1,11,63,3,0,2,1.6666666666666667,13.0,9,0,0,1.1018069176527144e-05,5.8333427014704384e-08,2.4644745267643486e-05,1.357395653656113e-07
b'tabor_pipe.n.01',l,0,1,0,12,99,1,0,1,1.0,10.0,10,0,0,7.430118752899117e-08,4.3082422351847777e-10,7.430118752899117e-08,4.3082422351847777e-10
b'pennywhistle.n.01',l,0,1,0,11,27,3,0,11,4.333333333333333,10.0,7,0,0,0.0002734219113691,3.479876887387453e-06,0.0008165366307366,1.036747426041984e-05
b'panpipe.n.01',b,0,1,0,10,79,3,0,2,1.3333333333333333,8.333333333333334,6,0,0,5.8160228160209866e-06,6.891130891843272e-08,1.5228398364985908e-05,1.7136856911292853e-07
b'pitch_pipe.n.01',l,0,1,0,10,114,1,0,1,1.0,10.0,10,0,0,2.401637429372272e-06,2.38307169553309e-08,2.401637429372272e-06,2.38307169553309e-08
b'post_horn.n.01',b,0,1,0,9,65,1,0,1,1.0,9.0,9,0,0,8.588740877391032e-07,9.094257791275597e-09,8.588740877391032e-07,9.094257791275597e-09
b'whistle.n.03',b,0,1,0,9,74,1,0,11,11.0,7.0,7,0,0,0.0008165366307366,1.036747426041984e-05,0.0008165366307366,1.036747426041984e-05
b'woodwind.n.01',h,2,1,26,9,52,3,0,8,3.333333333333333,10.333333333333334,4,2,0,0.0047935670119983,3.163621771988071e-05,0.0143438474515278,9.456108818994836e-05
b'beating-reed_instrument.n.01',h,3,1,21,10,61,3,0,5,2.333333333333333,14.0,4,0,0,0.0002416032526466,1.5628626961472492e-06,0.000720827872783,4.653928954212461e-06
b'double-reed_instrument.n.01',h,4,1,12,11,64,2,0,2,1.5,16.5,11,1,0,1.8677691120960736e-06,1.5180414925097807e-08,3.3073503541425357e-06,2.4880590032694272e-08
b'bassoon.n.01',b,2,1,2,12,54,1,0,1,1.0,7.0,7,0,0,7.340443646164374e-05,4.887064335434843e-07,7.340443646164374e-05,4.887064335434843e-07
b'contrabassoon.n.01',l,0,1,0,13,61,3,0,1,1.0,13.333333333333334,13,0,0,1.7653068088615185e-06,1.0603715146680534e-08,2.723080859023952e-06,2.3840513563300192e-08
b'tenoroon.n.01',l,0,1,0,13,65,1,0,1,1.0,8.0,8,0,0,2.1821016314704789e-07,4.728845023893591e-10,2.1821016314704789e-07,4.728845023893591e-10
b'english_horn.n.01',b,0,1,0,12,71,2,0,1,1.0,11.5,11,0,0,1.1235357198546849e-05,6.71441080513091e-08,1.7383564453909983e-05,9.915480703170942e-08
b'krummhorn.n.01',b,0,1,0,12,75,3,0,1,1.0,8.333333333333334,8,0,0,3.754492776420852e-07,2.977826069061606e-09,6.811780630805453e-07,5.757638754655403e-09
b'oboe.n.01',b,5,1,6,12,93,3,0,1,1.0,6.333333333333333,4,0,0,3.871879937496677e-05,3.129396946022212e-07,9.0969944412711e-05,8.530281832008768e-07
b'heckelphone.n.01',l,0,1,0,13,49,2,0,1,1.0,11.0,11,0,0,2.7034052790808616e-07,1.1663621735102936e-09,5.406810558161723e-07,2.332724347020587e-09
b'musette_pipe.n.01',l,0,1,0,13,19,1,0,1,1.0,12.0,12,0,0,0.0,0.0,0.0,0.0
b'oboe_d'amore.n.01',l,0,1,0,13,89,1,0,1,1.0,12.0,12,0,0,1.5928326027037087e-06,1.3030948320391644e-08,1.5928326027037087e-06,1.3030948320391644e-08
b'oboe_da_caccia.n.01',l,0,1,0,13,43,1,0,1,1.0,14.0,14,0,0,5.990780352627123e-07,4.3863668253152355e-09,5.990780352627123e-07,4.3863668253152355e-09
b'shawm.n.01',l,1,1,1,13,15,1,0,1,1.0,5.0,5,0,0,4.882203689549058e-06,7.292281978266146e-08,4.882203689549058e-06,7.292281978266146e-08
b'free-reed.n.01',h,0,1,0,11,50,1,0,1,1.0,9.0,9,1,0,6.298135465376831e-07,1.077617639566597e-08,6.298135465376831e-07,1.077617639566597e-08
b'single-reed_instrument.n.01',h,3,1,6,11,73,2,0,1,1.0,21.0,20,0,0,8.36685657076841e-08,9.027697131513968e-10,1.36834855710144e-07,1.448802855463782e-09
b'clarinet.n.01',b,3,1,3,12,45,1,0,1,1.0,8.0,8,0,0,0.0001420761088404,1.5646744486730313e-06,0.0001420761088404,1.5646744486730313e-06
b'b-flat_clarinet.n.01',l,0,1,0,13,41,2,0,1,1.0,14.5,14,0,0,4.0307954159157777e-07,7.794059064814007e-09,4.715903885454953e-07,9.233078746007097e-09
b'bass_clarinet.n.01',l,0,1,0,13,67,1,0,1,1.0,13.0,13,0,0,1.1604819746602324e-05,9.193304251198242e-08,1.1604819746602324e-05,9.193304251198242e-08
b'basset_horn.n.01',l,0,1,0,13,67,1,0,1,1.0,11.0,11,0,0,1.0569495434986642e-06,1.9219672076076225e-08,1.0569495434986642e-06,1.9219672076076225e-08
b'hornpipe.n.03',b,0,1,0,12,68,3,0,3,1.6666666666666667,8.0,7,0,0,7.539755770745449e-06,6.000984435761136e-08,2.240307802559016e-05,1.7938247509619035e-07
b'sax.n.02',b,0,1,0,12,42,2,0,2,1.5,6.0,3,0,0,4.1602297143839007e-05,8.702586313802385e-07,4.96558531052349e-05,1.150091463841818e-06
b'flute.n.01',b,3,1,3,10,165,2,1,4,2.5,10.5,5,0,0,0.0003141647105461,2.7475129065202e-06,0.0006260816766143,5.455475047710934e-06
b'fife.n.01',l,0,1,0,11,124,1,0,1,1.0,4.0,4,0,0,0.000195346746949,9.185380633880412e-07,0.000195346746949,9.185380633880412e-07
b'nose_flute.n.01',l,0,1,0,11,85,1,0,1,1.0,10.0,10,0,0,9.55989220841058e-07,8.645144600194499e-09,9.55989220841058e-07,8.645144600194499e-09
b'piccolo.n.01',l,0,1,0,11,57,1,0,1,1.0,7.0,7,0,0,3.802970742006195e-05,3.259541188072035e-07,3.802970742006195e-05,3.259541188072035e-07
